image_id,parent_image_id,label,class_name_readable,relative_path,image_path,source,generation_method,external_generator_note
synthetic_32_0,32,0,Black footed Albatross,class_000\img00032_aug00.jpg,C:\Users\abuba\OneDrive\Desktop\GEN_AI\project\outputs\samples\synthetic_candidates\class_000\img00032_aug00.jpg,synthetic,foreground_preserving_background_swap,
synthetic_51_0,51,0,Black footed Albatross,class_000\img00051_aug00.jpg,C:\Users\abuba\OneDrive\Desktop\GEN_AI\project\outputs\samples\synthetic_candidates\class_000\img00051_aug00.jpg,synthetic,foreground_preserving_background_swap,
synthetic_77_0,77,1,Laysan Albatross,class_001\img00077_aug00.jpg,C:\Users\abuba\OneDrive\Desktop\GEN_AI\project\outputs\samples\synthetic_candidates\class_001\img00077_aug00.jpg,synthetic,foreground_preserving_background_swap,
synthetic_81_0,81,1,Laysan Albatross,class_001\img00081_aug00.jpg,C:\Users\abuba\OneDrive\Desktop\GEN_AI\project\outputs\samples\synthetic_candidates\class_001\img00081_aug00.jpg,synthetic,foreground_preserving_background_swap,
synthetic_131_0,131,2,Sooty Albatross,class_002\img00131_aug00.jpg,C:\Users\abuba\OneDrive\Desktop\GEN_AI\project\outputs\samples\synthetic_candidates\class_002\img00131_aug00.jpg,synthetic,foreground_preserving_background_swap,
synthetic_121_0,121,2,Sooty Albatross,class_002\img00121_aug00.jpg,C:\Users\abuba\OneDrive\Desktop\GEN_AI\project\outputs\samples\synthetic_candidates\class_002\img00121_aug00.jpg,synthetic,foreground_preserving_background_swap,
synthetic_235_0,235,3,Groove billed Ani,class_003\img00235_aug00.jpg,C:\Users\abuba\OneDrive\Desktop\GEN_AI\project\outputs\samples\synthetic_candidates\class_003\img00235_aug00.jpg,synthetic,foreground_preserving_background_swap,
synthetic_197_0,197,3,Groove billed Ani,class_003\img00197_aug00.jpg,C:\Users\abuba\OneDrive\Desktop\GEN_AI\project\outputs\samples\synthetic_candidates\class_003\img00197_aug00.jpg,synthetic,foreground_preserving_background_swap,
synthetic_263_0,263,4,Crested Auklet,class_004\img00263_aug00.jpg,C:\Users\abuba\OneDrive\Desktop\GEN_AI\project\outputs\samples\synthetic_candidates\class_004\img00263_aug00.jpg,synthetic,foreground_preserving_background_swap,
synthetic_275_0,275,4,Crested Auklet,class_004\img00275_aug00.jpg,C:\Users\abuba\OneDrive\Desktop\GEN_AI\project\outputs\samples\synthetic_candidates\class_004\img00275_aug00.jpg,synthetic,foreground_preserving_background_swap,
synthetic_291_0,291,5,Least Auklet,class_005\img00291_aug00.jpg,C:\Users\abuba\OneDrive\Desktop\GEN_AI\project\outputs\samples\synthetic_candidates\class_005\img00291_aug00.jpg,synthetic,foreground_preserving_background_swap,
synthetic_288_0,288,5,Least Auklet,class_005\img00288_aug00.jpg,C:\Users\abuba\OneDrive\Desktop\GEN_AI\project\outputs\samples\synthetic_candidates\class_005\img00288_aug00.jpg,synthetic,foreground_preserving_background_swap,
synthetic_345_0,345,6,Parakeet Auklet,class_006\img00345_aug00.jpg,C:\Users\abuba\OneDrive\Desktop\GEN_AI\project\outputs\samples\synthetic_candidates\class_006\img00345_aug00.jpg,synthetic,foreground_preserving_background_swap,
synthetic_364_0,364,6,Parakeet Auklet,class_006\img00364_aug00.jpg,C:\Users\abuba\OneDrive\Desktop\GEN_AI\project\outputs\samples\synthetic_candidates\class_006\img00364_aug00.jpg,synthetic,foreground_preserving_background_swap,
synthetic_414_0,414,7,Rhinoceros Auklet,class_007\img00414_aug00.jpg,C:\Users\abuba\OneDrive\Desktop\GEN_AI\project\outputs\samples\synthetic_candidates\class_007\img00414_aug00.jpg,synthetic,foreground_preserving_background_swap,
synthetic_413_0,413,7,Rhinoceros Auklet,class_007\img00413_aug00.jpg,C:\Users\abuba\OneDrive\Desktop\GEN_AI\project\outputs\samples\synthetic_candidates\class_007\img00413_aug00.jpg,synthetic,foreground_preserving_background_swap,
synthetic_446_0,446,8,Brewer Blackbird,class_008\img00446_aug00.jpg,C:\Users\abuba\OneDrive\Desktop\GEN_AI\project\outputs\samples\synthetic_candidates\class_008\img00446_aug00.jpg,synthetic,foreground_preserving_background_swap,
synthetic_477_0,477,8,Brewer Blackbird,class_008\img00477_aug00.jpg,C:\Users\abuba\OneDrive\Desktop\GEN_AI\project\outputs\samples\synthetic_candidates\class_008\img00477_aug00.jpg,synthetic,foreground_preserving_background_swap,
synthetic_524_0,524,9,Red winged Blackbird,class_009\img00524_aug00.jpg,C:\Users\abuba\OneDrive\Desktop\GEN_AI\project\outputs\samples\synthetic_candidates\class_009\img00524_aug00.jpg,synthetic,foreground_preserving_background_swap,
synthetic_542_0,542,9,Red winged Blackbird,class_009\img00542_aug00.jpg,C:\Users\abuba\OneDrive\Desktop\GEN_AI\project\outputs\samples\synthetic_candidates\class_009\img00542_aug00.jpg,synthetic,foreground_preserving_background_swap,
synthetic_574_0,574,10,Rusty Blackbird,class_010\img00574_aug00.jpg,C:\Users\abuba\OneDrive\Desktop\GEN_AI\project\outputs\samples\synthetic_candidates\class_010\img00574_aug00.jpg,synthetic,foreground_preserving_background_swap,
synthetic_581_0,581,10,Rusty Blackbird,class_010\img00581_aug00.jpg,C:\Users\abuba\OneDrive\Desktop\GEN_AI\project\outputs\samples\synthetic_candidates\class_010\img00581_aug00.jpg,synthetic,foreground_preserving_background_swap,
synthetic_653_0,653,11,Yellow headed Blackbird,class_011\img00653_aug00.jpg,C:\Users\abuba\OneDrive\Desktop\GEN_AI\project\outputs\samples\synthetic_candidates\class_011\img00653_aug00.jpg,synthetic,foreground_preserving_background_swap,
synthetic_631_0,631,11,Yellow headed Blackbird,class_011\img00631_aug00.jpg,C:\Users\abuba\OneDrive\Desktop\GEN_AI\project\outputs\samples\synthetic_candidates\class_011\img00631_aug00.jpg,synthetic,foreground_preserving_background_swap,
synthetic_690_0,690,12,Bobolink,class_012\img00690_aug00.jpg,C:\Users\abuba\OneDrive\Desktop\GEN_AI\project\outputs\samples\synthetic_candidates\class_012\img00690_aug00.jpg,synthetic,foreground_preserving_background_swap,
synthetic_660_0,660,12,Bobolink,class_012\img00660_aug00.jpg,C:\Users\abuba\OneDrive\Desktop\GEN_AI\project\outputs\samples\synthetic_candidates\class_012\img00660_aug00.jpg,synthetic,foreground_preserving_background_swap,
synthetic_769_0,769,13,Indigo Bunting,class_013\img00769_aug00.jpg,C:\Users\abuba\OneDrive\Desktop\GEN_AI\project\outputs\samples\synthetic_candidates\class_013\img00769_aug00.jpg,synthetic,foreground_preserving_background_swap,
synthetic_768_0,768,13,Indigo Bunting,class_013\img00768_aug00.jpg,C:\Users\abuba\OneDrive\Desktop\GEN_AI\project\outputs\samples\synthetic_candidates\class_013\img00768_aug00.jpg,synthetic,foreground_preserving_background_swap,
synthetic_788_0,788,14,Lazuli Bunting,class_014\img00788_aug00.jpg,C:\Users\abuba\OneDrive\Desktop\GEN_AI\project\outputs\samples\synthetic_candidates\class_014\img00788_aug00.jpg,synthetic,foreground_preserving_background_swap,
synthetic_835_0,835,14,Lazuli Bunting,class_014\img00835_aug00.jpg,C:\Users\abuba\OneDrive\Desktop\GEN_AI\project\outputs\samples\synthetic_candidates\class_014\img00835_aug00.jpg,synthetic,foreground_preserving_background_swap,
synthetic_855_0,855,15,Painted Bunting,class_015\img00855_aug00.jpg,C:\Users\abuba\OneDrive\Desktop\GEN_AI\project\outputs\samples\synthetic_candidates\class_015\img00855_aug00.jpg,synthetic,foreground_preserving_background_swap,
synthetic_881_0,881,15,Painted Bunting,class_015\img00881_aug00.jpg,C:\Users\abuba\OneDrive\Desktop\GEN_AI\project\outputs\samples\synthetic_candidates\class_015\img00881_aug00.jpg,synthetic,foreground_preserving_background_swap,
synthetic_917_0,917,16,Cardinal,class_016\img00917_aug00.jpg,C:\Users\abuba\OneDrive\Desktop\GEN_AI\project\outputs\samples\synthetic_candidates\class_016\img00917_aug00.jpg,synthetic,foreground_preserving_background_swap,
synthetic_929_0,929,16,Cardinal,class_016\img00929_aug00.jpg,C:\Users\abuba\OneDrive\Desktop\GEN_AI\project\outputs\samples\synthetic_candidates\class_016\img00929_aug00.jpg,synthetic,foreground_preserving_background_swap,
synthetic_992_0,992,17,Spotted Catbird,class_017\img00992_aug00.jpg,C:\Users\abuba\OneDrive\Desktop\GEN_AI\project\outputs\samples\synthetic_candidates\class_017\img00992_aug00.jpg,synthetic,foreground_preserving_background_swap,
synthetic_955_0,955,17,Spotted Catbird,class_017\img00955_aug00.jpg,C:\Users\abuba\OneDrive\Desktop\GEN_AI\project\outputs\samples\synthetic_candidates\class_017\img00955_aug00.jpg,synthetic,foreground_preserving_background_swap,
synthetic_1019_0,1019,18,Gray Catbird,class_018\img01019_aug00.jpg,C:\Users\abuba\OneDrive\Desktop\GEN_AI\project\outputs\samples\synthetic_candidates\class_018\img01019_aug00.jpg,synthetic,foreground_preserving_background_swap,
synthetic_1049_0,1049,18,Gray Catbird,class_018\img01049_aug00.jpg,C:\Users\abuba\OneDrive\Desktop\GEN_AI\project\outputs\samples\synthetic_candidates\class_018\img01049_aug00.jpg,synthetic,foreground_preserving_background_swap,
synthetic_1114_0,1114,19,Yellow breasted Chat,class_019\img01114_aug00.jpg,C:\Users\abuba\OneDrive\Desktop\GEN_AI\project\outputs\samples\synthetic_candidates\class_019\img01114_aug00.jpg,synthetic,foreground_preserving_background_swap,
synthetic_1079_0,1079,19,Yellow breasted Chat,class_019\img01079_aug00.jpg,C:\Users\abuba\OneDrive\Desktop\GEN_AI\project\outputs\samples\synthetic_candidates\class_019\img01079_aug00.jpg,synthetic,foreground_preserving_background_swap,
synthetic_1141_0,1141,20,Eastern Towhee,class_020\img01141_aug00.jpg,C:\Users\abuba\OneDrive\Desktop\GEN_AI\project\outputs\samples\synthetic_candidates\class_020\img01141_aug00.jpg,synthetic,foreground_preserving_background_swap,
synthetic_1175_0,1175,20,Eastern Towhee,class_020\img01175_aug00.jpg,C:\Users\abuba\OneDrive\Desktop\GEN_AI\project\outputs\samples\synthetic_candidates\class_020\img01175_aug00.jpg,synthetic,foreground_preserving_background_swap,
synthetic_1231_0,1231,21,Chuck will Widow,class_021\img01231_aug00.jpg,C:\Users\abuba\OneDrive\Desktop\GEN_AI\project\outputs\samples\synthetic_candidates\class_021\img01231_aug00.jpg,synthetic,foreground_preserving_background_swap,
synthetic_1224_0,1224,21,Chuck will Widow,class_021\img01224_aug00.jpg,C:\Users\abuba\OneDrive\Desktop\GEN_AI\project\outputs\samples\synthetic_candidates\class_021\img01224_aug00.jpg,synthetic,foreground_preserving_background_swap,
synthetic_1232_0,1232,22,Brandt Cormorant,class_022\img01232_aug00.jpg,C:\Users\abuba\OneDrive\Desktop\GEN_AI\project\outputs\samples\synthetic_candidates\class_022\img01232_aug00.jpg,synthetic,foreground_preserving_background_swap,
synthetic_1238_0,1238,22,Brandt Cormorant,class_022\img01238_aug00.jpg,C:\Users\abuba\OneDrive\Desktop\GEN_AI\project\outputs\samples\synthetic_candidates\class_022\img01238_aug00.jpg,synthetic,foreground_preserving_background_swap,
synthetic_1318_0,1318,23,Red faced Cormorant,class_023\img01318_aug00.jpg,C:\Users\abuba\OneDrive\Desktop\GEN_AI\project\outputs\samples\synthetic_candidates\class_023\img01318_aug00.jpg,synthetic,foreground_preserving_background_swap,
synthetic_1331_0,1331,23,Red faced Cormorant,class_023\img01331_aug00.jpg,C:\Users\abuba\OneDrive\Desktop\GEN_AI\project\outputs\samples\synthetic_candidates\class_023\img01331_aug00.jpg,synthetic,foreground_preserving_background_swap,
synthetic_1401_0,1401,24,Pelagic Cormorant,class_024\img01401_aug00.jpg,C:\Users\abuba\OneDrive\Desktop\GEN_AI\project\outputs\samples\synthetic_candidates\class_024\img01401_aug00.jpg,synthetic,foreground_preserving_background_swap,
synthetic_1383_0,1383,24,Pelagic Cormorant,class_024\img01383_aug00.jpg,C:\Users\abuba\OneDrive\Desktop\GEN_AI\project\outputs\samples\synthetic_candidates\class_024\img01383_aug00.jpg,synthetic,foreground_preserving_background_swap,
synthetic_1445_0,1445,25,Bronzed Cowbird,class_025\img01445_aug00.jpg,C:\Users\abuba\OneDrive\Desktop\GEN_AI\project\outputs\samples\synthetic_candidates\class_025\img01445_aug00.jpg,synthetic,foreground_preserving_background_swap,
synthetic_1439_0,1439,25,Bronzed Cowbird,class_025\img01439_aug00.jpg,C:\Users\abuba\OneDrive\Desktop\GEN_AI\project\outputs\samples\synthetic_candidates\class_025\img01439_aug00.jpg,synthetic,foreground_preserving_background_swap,
synthetic_1474_0,1474,26,Shiny Cowbird,class_026\img01474_aug00.jpg,C:\Users\abuba\OneDrive\Desktop\GEN_AI\project\outputs\samples\synthetic_candidates\class_026\img01474_aug00.jpg,synthetic,foreground_preserving_background_swap,
synthetic_1512_0,1512,26,Shiny Cowbird,class_026\img01512_aug00.jpg,C:\Users\abuba\OneDrive\Desktop\GEN_AI\project\outputs\samples\synthetic_candidates\class_026\img01512_aug00.jpg,synthetic,foreground_preserving_background_swap,
synthetic_1565_0,1565,27,Brown Creeper,class_027\img01565_aug00.jpg,C:\Users\abuba\OneDrive\Desktop\GEN_AI\project\outputs\samples\synthetic_candidates\class_027\img01565_aug00.jpg,synthetic,foreground_preserving_background_swap,
synthetic_1533_0,1533,27,Brown Creeper,class_027\img01533_aug00.jpg,C:\Users\abuba\OneDrive\Desktop\GEN_AI\project\outputs\samples\synthetic_candidates\class_027\img01533_aug00.jpg,synthetic,foreground_preserving_background_swap,
synthetic_1591_0,1591,28,American Crow,class_028\img01591_aug00.jpg,C:\Users\abuba\OneDrive\Desktop\GEN_AI\project\outputs\samples\synthetic_candidates\class_028\img01591_aug00.jpg,synthetic,foreground_preserving_background_swap,
synthetic_1619_0,1619,28,American Crow,class_028\img01619_aug00.jpg,C:\Users\abuba\OneDrive\Desktop\GEN_AI\project\outputs\samples\synthetic_candidates\class_028\img01619_aug00.jpg,synthetic,foreground_preserving_background_swap,
synthetic_1690_0,1690,29,Fish Crow,class_029\img01690_aug00.jpg,C:\Users\abuba\OneDrive\Desktop\GEN_AI\project\outputs\samples\synthetic_candidates\class_029\img01690_aug00.jpg,synthetic,foreground_preserving_background_swap,
synthetic_1653_0,1653,29,Fish Crow,class_029\img01653_aug00.jpg,C:\Users\abuba\OneDrive\Desktop\GEN_AI\project\outputs\samples\synthetic_candidates\class_029\img01653_aug00.jpg,synthetic,foreground_preserving_background_swap,
synthetic_1749_0,1749,30,Black billed Cuckoo,class_030\img01749_aug00.jpg,C:\Users\abuba\OneDrive\Desktop\GEN_AI\project\outputs\samples\synthetic_candidates\class_030\img01749_aug00.jpg,synthetic,foreground_preserving_background_swap,
synthetic_1741_0,1741,30,Black billed Cuckoo,class_030\img01741_aug00.jpg,C:\Users\abuba\OneDrive\Desktop\GEN_AI\project\outputs\samples\synthetic_candidates\class_030\img01741_aug00.jpg,synthetic,foreground_preserving_background_swap,
synthetic_1775_0,1775,31,Mangrove Cuckoo,class_031\img01775_aug00.jpg,C:\Users\abuba\OneDrive\Desktop\GEN_AI\project\outputs\samples\synthetic_candidates\class_031\img01775_aug00.jpg,synthetic,foreground_preserving_background_swap,
synthetic_1763_0,1763,31,Mangrove Cuckoo,class_031\img01763_aug00.jpg,C:\Users\abuba\OneDrive\Desktop\GEN_AI\project\outputs\samples\synthetic_candidates\class_031\img01763_aug00.jpg,synthetic,foreground_preserving_background_swap,
synthetic_1872_0,1872,32,Yellow billed Cuckoo,class_032\img01872_aug00.jpg,C:\Users\abuba\OneDrive\Desktop\GEN_AI\project\outputs\samples\synthetic_candidates\class_032\img01872_aug00.jpg,synthetic,foreground_preserving_background_swap,
synthetic_1820_0,1820,32,Yellow billed Cuckoo,class_032\img01820_aug00.jpg,C:\Users\abuba\OneDrive\Desktop\GEN_AI\project\outputs\samples\synthetic_candidates\class_032\img01820_aug00.jpg,synthetic,foreground_preserving_background_swap,
synthetic_1929_0,1929,33,Gray crowned Rosy Finch,class_033\img01929_aug00.jpg,C:\Users\abuba\OneDrive\Desktop\GEN_AI\project\outputs\samples\synthetic_candidates\class_033\img01929_aug00.jpg,synthetic,foreground_preserving_background_swap,
synthetic_1883_0,1883,33,Gray crowned Rosy Finch,class_033\img01883_aug00.jpg,C:\Users\abuba\OneDrive\Desktop\GEN_AI\project\outputs\samples\synthetic_candidates\class_033\img01883_aug00.jpg,synthetic,foreground_preserving_background_swap,
synthetic_1979_0,1979,34,Purple Finch,class_034\img01979_aug00.jpg,C:\Users\abuba\OneDrive\Desktop\GEN_AI\project\outputs\samples\synthetic_candidates\class_034\img01979_aug00.jpg,synthetic,foreground_preserving_background_swap,
synthetic_1974_0,1974,34,Purple Finch,class_034\img01974_aug00.jpg,C:\Users\abuba\OneDrive\Desktop\GEN_AI\project\outputs\samples\synthetic_candidates\class_034\img01974_aug00.jpg,synthetic,foreground_preserving_background_swap,
synthetic_1994_0,1994,35,Northern Flicker,class_035\img01994_aug00.jpg,C:\Users\abuba\OneDrive\Desktop\GEN_AI\project\outputs\samples\synthetic_candidates\class_035\img01994_aug00.jpg,synthetic,foreground_preserving_background_swap,
synthetic_2041_0,2041,35,Northern Flicker,class_035\img02041_aug00.jpg,C:\Users\abuba\OneDrive\Desktop\GEN_AI\project\outputs\samples\synthetic_candidates\class_035\img02041_aug00.jpg,synthetic,foreground_preserving_background_swap,
synthetic_2053_0,2053,36,Acadian Flycatcher,class_036\img02053_aug00.jpg,C:\Users\abuba\OneDrive\Desktop\GEN_AI\project\outputs\samples\synthetic_candidates\class_036\img02053_aug00.jpg,synthetic,foreground_preserving_background_swap,
synthetic_2099_0,2099,36,Acadian Flycatcher,class_036\img02099_aug00.jpg,C:\Users\abuba\OneDrive\Desktop\GEN_AI\project\outputs\samples\synthetic_candidates\class_036\img02099_aug00.jpg,synthetic,foreground_preserving_background_swap,
synthetic_2114_0,2114,37,Great Crested Flycatcher,class_037\img02114_aug00.jpg,C:\Users\abuba\OneDrive\Desktop\GEN_AI\project\outputs\samples\synthetic_candidates\class_037\img02114_aug00.jpg,synthetic,foreground_preserving_background_swap,
synthetic_2116_0,2116,37,Great Crested Flycatcher,class_037\img02116_aug00.jpg,C:\Users\abuba\OneDrive\Desktop\GEN_AI\project\outputs\samples\synthetic_candidates\class_037\img02116_aug00.jpg,synthetic,foreground_preserving_background_swap,
synthetic_2198_0,2198,38,Least Flycatcher,class_038\img02198_aug00.jpg,C:\Users\abuba\OneDrive\Desktop\GEN_AI\project\outputs\samples\synthetic_candidates\class_038\img02198_aug00.jpg,synthetic,foreground_preserving_background_swap,
synthetic_2215_0,2215,38,Least Flycatcher,class_038\img02215_aug00.jpg,C:\Users\abuba\OneDrive\Desktop\GEN_AI\project\outputs\samples\synthetic_candidates\class_038\img02215_aug00.jpg,synthetic,foreground_preserving_background_swap,
synthetic_2266_0,2266,39,Olive sided Flycatcher,class_039\img02266_aug00.jpg,C:\Users\abuba\OneDrive\Desktop\GEN_AI\project\outputs\samples\synthetic_candidates\class_039\img02266_aug00.jpg,synthetic,foreground_preserving_background_swap,
synthetic_2286_0,2286,39,Olive sided Flycatcher,class_039\img02286_aug00.jpg,C:\Users\abuba\OneDrive\Desktop\GEN_AI\project\outputs\samples\synthetic_candidates\class_039\img02286_aug00.jpg,synthetic,foreground_preserving_background_swap,
synthetic_2342_0,2342,40,Scissor tailed Flycatcher,class_040\img02342_aug00.jpg,C:\Users\abuba\OneDrive\Desktop\GEN_AI\project\outputs\samples\synthetic_candidates\class_040\img02342_aug00.jpg,synthetic,foreground_preserving_background_swap,
synthetic_2317_0,2317,40,Scissor tailed Flycatcher,class_040\img02317_aug00.jpg,C:\Users\abuba\OneDrive\Desktop\GEN_AI\project\outputs\samples\synthetic_candidates\class_040\img02317_aug00.jpg,synthetic,foreground_preserving_background_swap,
synthetic_2354_0,2354,41,Vermilion Flycatcher,class_041\img02354_aug00.jpg,C:\Users\abuba\OneDrive\Desktop\GEN_AI\project\outputs\samples\synthetic_candidates\class_041\img02354_aug00.jpg,synthetic,foreground_preserving_background_swap,
synthetic_2384_0,2384,41,Vermilion Flycatcher,class_041\img02384_aug00.jpg,C:\Users\abuba\OneDrive\Desktop\GEN_AI\project\outputs\samples\synthetic_candidates\class_041\img02384_aug00.jpg,synthetic,foreground_preserving_background_swap,
synthetic_2458_0,2458,42,Yellow bellied Flycatcher,class_042\img02458_aug00.jpg,C:\Users\abuba\OneDrive\Desktop\GEN_AI\project\outputs\samples\synthetic_candidates\class_042\img02458_aug00.jpg,synthetic,foreground_preserving_background_swap,
synthetic_2432_0,2432,42,Yellow bellied Flycatcher,class_042\img02432_aug00.jpg,C:\Users\abuba\OneDrive\Desktop\GEN_AI\project\outputs\samples\synthetic_candidates\class_042\img02432_aug00.jpg,synthetic,foreground_preserving_background_swap,
synthetic_2487_0,2487,43,Frigatebird,class_043\img02487_aug00.jpg,C:\Users\abuba\OneDrive\Desktop\GEN_AI\project\outputs\samples\synthetic_candidates\class_043\img02487_aug00.jpg,synthetic,foreground_preserving_background_swap,
synthetic_2509_0,2509,43,Frigatebird,class_043\img02509_aug00.jpg,C:\Users\abuba\OneDrive\Desktop\GEN_AI\project\outputs\samples\synthetic_candidates\class_043\img02509_aug00.jpg,synthetic,foreground_preserving_background_swap,
synthetic_2562_0,2562,44,Northern Fulmar,class_044\img02562_aug00.jpg,C:\Users\abuba\OneDrive\Desktop\GEN_AI\project\outputs\samples\synthetic_candidates\class_044\img02562_aug00.jpg,synthetic,foreground_preserving_background_swap,
synthetic_2558_0,2558,44,Northern Fulmar,class_044\img02558_aug00.jpg,C:\Users\abuba\OneDrive\Desktop\GEN_AI\project\outputs\samples\synthetic_candidates\class_044\img02558_aug00.jpg,synthetic,foreground_preserving_background_swap,
synthetic_2642_0,2642,45,Gadwall,class_045\img02642_aug00.jpg,C:\Users\abuba\OneDrive\Desktop\GEN_AI\project\outputs\samples\synthetic_candidates\class_045\img02642_aug00.jpg,synthetic,foreground_preserving_background_swap,
synthetic_2601_0,2601,45,Gadwall,class_045\img02601_aug00.jpg,C:\Users\abuba\OneDrive\Desktop\GEN_AI\project\outputs\samples\synthetic_candidates\class_045\img02601_aug00.jpg,synthetic,foreground_preserving_background_swap,
synthetic_2667_0,2667,46,American Goldfinch,class_046\img02667_aug00.jpg,C:\Users\abuba\OneDrive\Desktop\GEN_AI\project\outputs\samples\synthetic_candidates\class_046\img02667_aug00.jpg,synthetic,foreground_preserving_background_swap,
synthetic_2654_0,2654,46,American Goldfinch,class_046\img02654_aug00.jpg,C:\Users\abuba\OneDrive\Desktop\GEN_AI\project\outputs\samples\synthetic_candidates\class_046\img02654_aug00.jpg,synthetic,foreground_preserving_background_swap,
synthetic_2722_0,2722,47,European Goldfinch,class_047\img02722_aug00.jpg,C:\Users\abuba\OneDrive\Desktop\GEN_AI\project\outputs\samples\synthetic_candidates\class_047\img02722_aug00.jpg,synthetic,foreground_preserving_background_swap,
synthetic_2747_0,2747,47,European Goldfinch,class_047\img02747_aug00.jpg,C:\Users\abuba\OneDrive\Desktop\GEN_AI\project\outputs\samples\synthetic_candidates\class_047\img02747_aug00.jpg,synthetic,foreground_preserving_background_swap,
synthetic_2817_0,2817,48,Boat tailed Grackle,class_048\img02817_aug00.jpg,C:\Users\abuba\OneDrive\Desktop\GEN_AI\project\outputs\samples\synthetic_candidates\class_048\img02817_aug00.jpg,synthetic,foreground_preserving_background_swap,
synthetic_2772_0,2772,48,Boat tailed Grackle,class_048\img02772_aug00.jpg,C:\Users\abuba\OneDrive\Desktop\GEN_AI\project\outputs\samples\synthetic_candidates\class_048\img02772_aug00.jpg,synthetic,foreground_preserving_background_swap,
synthetic_2861_0,2861,49,Eared Grebe,class_049\img02861_aug00.jpg,C:\Users\abuba\OneDrive\Desktop\GEN_AI\project\outputs\samples\synthetic_candidates\class_049\img02861_aug00.jpg,synthetic,foreground_preserving_background_swap,
synthetic_2870_0,2870,49,Eared Grebe,class_049\img02870_aug00.jpg,C:\Users\abuba\OneDrive\Desktop\GEN_AI\project\outputs\samples\synthetic_candidates\class_049\img02870_aug00.jpg,synthetic,foreground_preserving_background_swap,
synthetic_2903_0,2903,50,Horned Grebe,class_050\img02903_aug00.jpg,C:\Users\abuba\OneDrive\Desktop\GEN_AI\project\outputs\samples\synthetic_candidates\class_050\img02903_aug00.jpg,synthetic,foreground_preserving_background_swap,
synthetic_2930_0,2930,50,Horned Grebe,class_050\img02930_aug00.jpg,C:\Users\abuba\OneDrive\Desktop\GEN_AI\project\outputs\samples\synthetic_candidates\class_050\img02930_aug00.jpg,synthetic,foreground_preserving_background_swap,
synthetic_2980_0,2980,51,Pied billed Grebe,class_051\img02980_aug00.jpg,C:\Users\abuba\OneDrive\Desktop\GEN_AI\project\outputs\samples\synthetic_candidates\class_051\img02980_aug00.jpg,synthetic,foreground_preserving_background_swap,
synthetic_2989_0,2989,51,Pied billed Grebe,class_051\img02989_aug00.jpg,C:\Users\abuba\OneDrive\Desktop\GEN_AI\project\outputs\samples\synthetic_candidates\class_051\img02989_aug00.jpg,synthetic,foreground_preserving_background_swap,
synthetic_3069_0,3069,52,Western Grebe,class_052\img03069_aug00.jpg,C:\Users\abuba\OneDrive\Desktop\GEN_AI\project\outputs\samples\synthetic_candidates\class_052\img03069_aug00.jpg,synthetic,foreground_preserving_background_swap,
synthetic_3043_0,3043,52,Western Grebe,class_052\img03043_aug00.jpg,C:\Users\abuba\OneDrive\Desktop\GEN_AI\project\outputs\samples\synthetic_candidates\class_052\img03043_aug00.jpg,synthetic,foreground_preserving_background_swap,
synthetic_3115_0,3115,53,Blue Grosbeak,class_053\img03115_aug00.jpg,C:\Users\abuba\OneDrive\Desktop\GEN_AI\project\outputs\samples\synthetic_candidates\class_053\img03115_aug00.jpg,synthetic,foreground_preserving_background_swap,
synthetic_3103_0,3103,53,Blue Grosbeak,class_053\img03103_aug00.jpg,C:\Users\abuba\OneDrive\Desktop\GEN_AI\project\outputs\samples\synthetic_candidates\class_053\img03103_aug00.jpg,synthetic,foreground_preserving_background_swap,
synthetic_3167_0,3167,54,Evening Grosbeak,class_054\img03167_aug00.jpg,C:\Users\abuba\OneDrive\Desktop\GEN_AI\project\outputs\samples\synthetic_candidates\class_054\img03167_aug00.jpg,synthetic,foreground_preserving_background_swap,
synthetic_3145_0,3145,54,Evening Grosbeak,class_054\img03145_aug00.jpg,C:\Users\abuba\OneDrive\Desktop\GEN_AI\project\outputs\samples\synthetic_candidates\class_054\img03145_aug00.jpg,synthetic,foreground_preserving_background_swap,
synthetic_3205_0,3205,55,Pine Grosbeak,class_055\img03205_aug00.jpg,C:\Users\abuba\OneDrive\Desktop\GEN_AI\project\outputs\samples\synthetic_candidates\class_055\img03205_aug00.jpg,synthetic,foreground_preserving_background_swap,
synthetic_3240_0,3240,55,Pine Grosbeak,class_055\img03240_aug00.jpg,C:\Users\abuba\OneDrive\Desktop\GEN_AI\project\outputs\samples\synthetic_candidates\class_055\img03240_aug00.jpg,synthetic,foreground_preserving_background_swap,
synthetic_3263_0,3263,56,Rose breasted Grosbeak,class_056\img03263_aug00.jpg,C:\Users\abuba\OneDrive\Desktop\GEN_AI\project\outputs\samples\synthetic_candidates\class_056\img03263_aug00.jpg,synthetic,foreground_preserving_background_swap,
synthetic_3271_0,3271,56,Rose breasted Grosbeak,class_056\img03271_aug00.jpg,C:\Users\abuba\OneDrive\Desktop\GEN_AI\project\outputs\samples\synthetic_candidates\class_056\img03271_aug00.jpg,synthetic,foreground_preserving_background_swap,
synthetic_3314_0,3314,57,Pigeon Guillemot,class_057\img03314_aug00.jpg,C:\Users\abuba\OneDrive\Desktop\GEN_AI\project\outputs\samples\synthetic_candidates\class_057\img03314_aug00.jpg,synthetic,foreground_preserving_background_swap,
synthetic_3341_0,3341,57,Pigeon Guillemot,class_057\img03341_aug00.jpg,C:\Users\abuba\OneDrive\Desktop\GEN_AI\project\outputs\samples\synthetic_candidates\class_057\img03341_aug00.jpg,synthetic,foreground_preserving_background_swap,
synthetic_3422_0,3422,58,California Gull,class_058\img03422_aug00.jpg,C:\Users\abuba\OneDrive\Desktop\GEN_AI\project\outputs\samples\synthetic_candidates\class_058\img03422_aug00.jpg,synthetic,foreground_preserving_background_swap,
synthetic_3375_0,3375,58,California Gull,class_058\img03375_aug00.jpg,C:\Users\abuba\OneDrive\Desktop\GEN_AI\project\outputs\samples\synthetic_candidates\class_058\img03375_aug00.jpg,synthetic,foreground_preserving_background_swap,
synthetic_3443_0,3443,59,Glaucous winged Gull,class_059\img03443_aug00.jpg,C:\Users\abuba\OneDrive\Desktop\GEN_AI\project\outputs\samples\synthetic_candidates\class_059\img03443_aug00.jpg,synthetic,foreground_preserving_background_swap,
synthetic_3486_0,3486,59,Glaucous winged Gull,class_059\img03486_aug00.jpg,C:\Users\abuba\OneDrive\Desktop\GEN_AI\project\outputs\samples\synthetic_candidates\class_059\img03486_aug00.jpg,synthetic,foreground_preserving_background_swap,
synthetic_3540_0,3540,60,Heermann Gull,class_060\img03540_aug00.jpg,C:\Users\abuba\OneDrive\Desktop\GEN_AI\project\outputs\samples\synthetic_candidates\class_060\img03540_aug00.jpg,synthetic,foreground_preserving_background_swap,
synthetic_3532_0,3532,60,Heermann Gull,class_060\img03532_aug00.jpg,C:\Users\abuba\OneDrive\Desktop\GEN_AI\project\outputs\samples\synthetic_candidates\class_060\img03532_aug00.jpg,synthetic,foreground_preserving_background_swap,
synthetic_3569_0,3569,61,Herring Gull,class_061\img03569_aug00.jpg,C:\Users\abuba\OneDrive\Desktop\GEN_AI\project\outputs\samples\synthetic_candidates\class_061\img03569_aug00.jpg,synthetic,foreground_preserving_background_swap,
synthetic_3572_0,3572,61,Herring Gull,class_061\img03572_aug00.jpg,C:\Users\abuba\OneDrive\Desktop\GEN_AI\project\outputs\samples\synthetic_candidates\class_061\img03572_aug00.jpg,synthetic,foreground_preserving_background_swap,
synthetic_3645_0,3645,62,Ivory Gull,class_062\img03645_aug00.jpg,C:\Users\abuba\OneDrive\Desktop\GEN_AI\project\outputs\samples\synthetic_candidates\class_062\img03645_aug00.jpg,synthetic,foreground_preserving_background_swap,
synthetic_3608_0,3608,62,Ivory Gull,class_062\img03608_aug00.jpg,C:\Users\abuba\OneDrive\Desktop\GEN_AI\project\outputs\samples\synthetic_candidates\class_062\img03608_aug00.jpg,synthetic,foreground_preserving_background_swap,
synthetic_3725_0,3725,63,Ring billed Gull,class_063\img03725_aug00.jpg,C:\Users\abuba\OneDrive\Desktop\GEN_AI\project\outputs\samples\synthetic_candidates\class_063\img03725_aug00.jpg,synthetic,foreground_preserving_background_swap,
synthetic_3692_0,3692,63,Ring billed Gull,class_063\img03692_aug00.jpg,C:\Users\abuba\OneDrive\Desktop\GEN_AI\project\outputs\samples\synthetic_candidates\class_063\img03692_aug00.jpg,synthetic,foreground_preserving_background_swap,
synthetic_3731_0,3731,64,Slaty backed Gull,class_064\img03731_aug00.jpg,C:\Users\abuba\OneDrive\Desktop\GEN_AI\project\outputs\samples\synthetic_candidates\class_064\img03731_aug00.jpg,synthetic,foreground_preserving_background_swap,
synthetic_3740_0,3740,64,Slaty backed Gull,class_064\img03740_aug00.jpg,C:\Users\abuba\OneDrive\Desktop\GEN_AI\project\outputs\samples\synthetic_candidates\class_064\img03740_aug00.jpg,synthetic,foreground_preserving_background_swap,
synthetic_3781_0,3781,65,Western Gull,class_065\img03781_aug00.jpg,C:\Users\abuba\OneDrive\Desktop\GEN_AI\project\outputs\samples\synthetic_candidates\class_065\img03781_aug00.jpg,synthetic,foreground_preserving_background_swap,
synthetic_3811_0,3811,65,Western Gull,class_065\img03811_aug00.jpg,C:\Users\abuba\OneDrive\Desktop\GEN_AI\project\outputs\samples\synthetic_candidates\class_065\img03811_aug00.jpg,synthetic,foreground_preserving_background_swap,
synthetic_3850_0,3850,66,Anna Hummingbird,class_066\img03850_aug00.jpg,C:\Users\abuba\OneDrive\Desktop\GEN_AI\project\outputs\samples\synthetic_candidates\class_066\img03850_aug00.jpg,synthetic,foreground_preserving_background_swap,
synthetic_3872_0,3872,66,Anna Hummingbird,class_066\img03872_aug00.jpg,C:\Users\abuba\OneDrive\Desktop\GEN_AI\project\outputs\samples\synthetic_candidates\class_066\img03872_aug00.jpg,synthetic,foreground_preserving_background_swap,
synthetic_3950_0,3950,67,Ruby throated Hummingbird,class_067\img03950_aug00.jpg,C:\Users\abuba\OneDrive\Desktop\GEN_AI\project\outputs\samples\synthetic_candidates\class_067\img03950_aug00.jpg,synthetic,foreground_preserving_background_swap,
synthetic_3910_0,3910,67,Ruby throated Hummingbird,class_067\img03910_aug00.jpg,C:\Users\abuba\OneDrive\Desktop\GEN_AI\project\outputs\samples\synthetic_candidates\class_067\img03910_aug00.jpg,synthetic,foreground_preserving_background_swap,
synthetic_3966_0,3966,68,Rufous Hummingbird,class_068\img03966_aug00.jpg,C:\Users\abuba\OneDrive\Desktop\GEN_AI\project\outputs\samples\synthetic_candidates\class_068\img03966_aug00.jpg,synthetic,foreground_preserving_background_swap,
synthetic_3961_0,3961,68,Rufous Hummingbird,class_068\img03961_aug00.jpg,C:\Users\abuba\OneDrive\Desktop\GEN_AI\project\outputs\samples\synthetic_candidates\class_068\img03961_aug00.jpg,synthetic,foreground_preserving_background_swap,
synthetic_4027_0,4027,69,Green Violetear,class_069\img04027_aug00.jpg,C:\Users\abuba\OneDrive\Desktop\GEN_AI\project\outputs\samples\synthetic_candidates\class_069\img04027_aug00.jpg,synthetic,foreground_preserving_background_swap,
synthetic_4068_0,4068,69,Green Violetear,class_069\img04068_aug00.jpg,C:\Users\abuba\OneDrive\Desktop\GEN_AI\project\outputs\samples\synthetic_candidates\class_069\img04068_aug00.jpg,synthetic,foreground_preserving_background_swap,
synthetic_4093_0,4093,70,Long tailed Jaeger,class_070\img04093_aug00.jpg,C:\Users\abuba\OneDrive\Desktop\GEN_AI\project\outputs\samples\synthetic_candidates\class_070\img04093_aug00.jpg,synthetic,foreground_preserving_background_swap,
synthetic_4100_0,4100,70,Long tailed Jaeger,class_070\img04100_aug00.jpg,C:\Users\abuba\OneDrive\Desktop\GEN_AI\project\outputs\samples\synthetic_candidates\class_070\img04100_aug00.jpg,synthetic,foreground_preserving_background_swap,
synthetic_4137_0,4137,71,Pomarine Jaeger,class_071\img04137_aug00.jpg,C:\Users\abuba\OneDrive\Desktop\GEN_AI\project\outputs\samples\synthetic_candidates\class_071\img04137_aug00.jpg,synthetic,foreground_preserving_background_swap,
synthetic_4149_0,4149,71,Pomarine Jaeger,class_071\img04149_aug00.jpg,C:\Users\abuba\OneDrive\Desktop\GEN_AI\project\outputs\samples\synthetic_candidates\class_071\img04149_aug00.jpg,synthetic,foreground_preserving_background_swap,
synthetic_4254_0,4254,72,Blue Jay,class_072\img04254_aug00.jpg,C:\Users\abuba\OneDrive\Desktop\GEN_AI\project\outputs\samples\synthetic_candidates\class_072\img04254_aug00.jpg,synthetic,foreground_preserving_background_swap,
synthetic_4197_0,4197,72,Blue Jay,class_072\img04197_aug00.jpg,C:\Users\abuba\OneDrive\Desktop\GEN_AI\project\outputs\samples\synthetic_candidates\class_072\img04197_aug00.jpg,synthetic,foreground_preserving_background_swap,
synthetic_4268_0,4268,73,Florida Jay,class_073\img04268_aug00.jpg,C:\Users\abuba\OneDrive\Desktop\GEN_AI\project\outputs\samples\synthetic_candidates\class_073\img04268_aug00.jpg,synthetic,foreground_preserving_background_swap,
synthetic_4291_0,4291,73,Florida Jay,class_073\img04291_aug00.jpg,C:\Users\abuba\OneDrive\Desktop\GEN_AI\project\outputs\samples\synthetic_candidates\class_073\img04291_aug00.jpg,synthetic,foreground_preserving_background_swap,
synthetic_4324_0,4324,74,Green Jay,class_074\img04324_aug00.jpg,C:\Users\abuba\OneDrive\Desktop\GEN_AI\project\outputs\samples\synthetic_candidates\class_074\img04324_aug00.jpg,synthetic,foreground_preserving_background_swap,
synthetic_4334_0,4334,74,Green Jay,class_074\img04334_aug00.jpg,C:\Users\abuba\OneDrive\Desktop\GEN_AI\project\outputs\samples\synthetic_candidates\class_074\img04334_aug00.jpg,synthetic,foreground_preserving_background_swap,
synthetic_4415_0,4415,75,Dark eyed Junco,class_075\img04415_aug00.jpg,C:\Users\abuba\OneDrive\Desktop\GEN_AI\project\outputs\samples\synthetic_candidates\class_075\img04415_aug00.jpg,synthetic,foreground_preserving_background_swap,
synthetic_4380_0,4380,75,Dark eyed Junco,class_075\img04380_aug00.jpg,C:\Users\abuba\OneDrive\Desktop\GEN_AI\project\outputs\samples\synthetic_candidates\class_075\img04380_aug00.jpg,synthetic,foreground_preserving_background_swap,
synthetic_4483_0,4483,76,Tropical Kingbird,class_076\img04483_aug00.jpg,C:\Users\abuba\OneDrive\Desktop\GEN_AI\project\outputs\samples\synthetic_candidates\class_076\img04483_aug00.jpg,synthetic,foreground_preserving_background_swap,
synthetic_4491_0,4491,76,Tropical Kingbird,class_076\img04491_aug00.jpg,C:\Users\abuba\OneDrive\Desktop\GEN_AI\project\outputs\samples\synthetic_candidates\class_076\img04491_aug00.jpg,synthetic,foreground_preserving_background_swap,
synthetic_4524_0,4524,77,Gray Kingbird,class_077\img04524_aug00.jpg,C:\Users\abuba\OneDrive\Desktop\GEN_AI\project\outputs\samples\synthetic_candidates\class_077\img04524_aug00.jpg,synthetic,foreground_preserving_background_swap,
synthetic_4540_0,4540,77,Gray Kingbird,class_077\img04540_aug00.jpg,C:\Users\abuba\OneDrive\Desktop\GEN_AI\project\outputs\samples\synthetic_candidates\class_077\img04540_aug00.jpg,synthetic,foreground_preserving_background_swap,
synthetic_4604_0,4604,78,Belted Kingfisher,class_078\img04604_aug00.jpg,C:\Users\abuba\OneDrive\Desktop\GEN_AI\project\outputs\samples\synthetic_candidates\class_078\img04604_aug00.jpg,synthetic,foreground_preserving_background_swap,
synthetic_4563_0,4563,78,Belted Kingfisher,class_078\img04563_aug00.jpg,C:\Users\abuba\OneDrive\Desktop\GEN_AI\project\outputs\samples\synthetic_candidates\class_078\img04563_aug00.jpg,synthetic,foreground_preserving_background_swap,
synthetic_4639_0,4639,79,Green Kingfisher,class_079\img04639_aug00.jpg,C:\Users\abuba\OneDrive\Desktop\GEN_AI\project\outputs\samples\synthetic_candidates\class_079\img04639_aug00.jpg,synthetic,foreground_preserving_background_swap,
synthetic_4659_0,4659,79,Green Kingfisher,class_079\img04659_aug00.jpg,C:\Users\abuba\OneDrive\Desktop\GEN_AI\project\outputs\samples\synthetic_candidates\class_079\img04659_aug00.jpg,synthetic,foreground_preserving_background_swap,
synthetic_4712_0,4712,80,Pied Kingfisher,class_080\img04712_aug00.jpg,C:\Users\abuba\OneDrive\Desktop\GEN_AI\project\outputs\samples\synthetic_candidates\class_080\img04712_aug00.jpg,synthetic,foreground_preserving_background_swap,
synthetic_4680_0,4680,80,Pied Kingfisher,class_080\img04680_aug00.jpg,C:\Users\abuba\OneDrive\Desktop\GEN_AI\project\outputs\samples\synthetic_candidates\class_080\img04680_aug00.jpg,synthetic,foreground_preserving_background_swap,
synthetic_4769_0,4769,81,Ringed Kingfisher,class_081\img04769_aug00.jpg,C:\Users\abuba\OneDrive\Desktop\GEN_AI\project\outputs\samples\synthetic_candidates\class_081\img04769_aug00.jpg,synthetic,foreground_preserving_background_swap,
synthetic_4756_0,4756,81,Ringed Kingfisher,class_081\img04756_aug00.jpg,C:\Users\abuba\OneDrive\Desktop\GEN_AI\project\outputs\samples\synthetic_candidates\class_081\img04756_aug00.jpg,synthetic,foreground_preserving_background_swap,
synthetic_4803_0,4803,82,White breasted Kingfisher,class_082\img04803_aug00.jpg,C:\Users\abuba\OneDrive\Desktop\GEN_AI\project\outputs\samples\synthetic_candidates\class_082\img04803_aug00.jpg,synthetic,foreground_preserving_background_swap,
synthetic_4828_0,4828,82,White breasted Kingfisher,class_082\img04828_aug00.jpg,C:\Users\abuba\OneDrive\Desktop\GEN_AI\project\outputs\samples\synthetic_candidates\class_082\img04828_aug00.jpg,synthetic,foreground_preserving_background_swap,
synthetic_4887_0,4887,83,Red legged Kittiwake,class_083\img04887_aug00.jpg,C:\Users\abuba\OneDrive\Desktop\GEN_AI\project\outputs\samples\synthetic_candidates\class_083\img04887_aug00.jpg,synthetic,foreground_preserving_background_swap,
synthetic_4897_0,4897,83,Red legged Kittiwake,class_083\img04897_aug00.jpg,C:\Users\abuba\OneDrive\Desktop\GEN_AI\project\outputs\samples\synthetic_candidates\class_083\img04897_aug00.jpg,synthetic,foreground_preserving_background_swap,
synthetic_4964_0,4964,84,Horned Lark,class_084\img04964_aug00.jpg,C:\Users\abuba\OneDrive\Desktop\GEN_AI\project\outputs\samples\synthetic_candidates\class_084\img04964_aug00.jpg,synthetic,foreground_preserving_background_swap,
synthetic_4948_0,4948,84,Horned Lark,class_084\img04948_aug00.jpg,C:\Users\abuba\OneDrive\Desktop\GEN_AI\project\outputs\samples\synthetic_candidates\class_084\img04948_aug00.jpg,synthetic,foreground_preserving_background_swap,
synthetic_5022_0,5022,85,Pacific Loon,class_085\img05022_aug00.jpg,C:\Users\abuba\OneDrive\Desktop\GEN_AI\project\outputs\samples\synthetic_candidates\class_085\img05022_aug00.jpg,synthetic,foreground_preserving_background_swap,
synthetic_4997_0,4997,85,Pacific Loon,class_085\img04997_aug00.jpg,C:\Users\abuba\OneDrive\Desktop\GEN_AI\project\outputs\samples\synthetic_candidates\class_085\img04997_aug00.jpg,synthetic,foreground_preserving_background_swap,
synthetic_5052_0,5052,86,Mallard,class_086\img05052_aug00.jpg,C:\Users\abuba\OneDrive\Desktop\GEN_AI\project\outputs\samples\synthetic_candidates\class_086\img05052_aug00.jpg,synthetic,foreground_preserving_background_swap,
synthetic_5065_0,5065,86,Mallard,class_086\img05065_aug00.jpg,C:\Users\abuba\OneDrive\Desktop\GEN_AI\project\outputs\samples\synthetic_candidates\class_086\img05065_aug00.jpg,synthetic,foreground_preserving_background_swap,
synthetic_5112_0,5112,87,Western Meadowlark,class_087\img05112_aug00.jpg,C:\Users\abuba\OneDrive\Desktop\GEN_AI\project\outputs\samples\synthetic_candidates\class_087\img05112_aug00.jpg,synthetic,foreground_preserving_background_swap,
synthetic_5130_0,5130,87,Western Meadowlark,class_087\img05130_aug00.jpg,C:\Users\abuba\OneDrive\Desktop\GEN_AI\project\outputs\samples\synthetic_candidates\class_087\img05130_aug00.jpg,synthetic,foreground_preserving_background_swap,
synthetic_5158_0,5158,88,Hooded Merganser,class_088\img05158_aug00.jpg,C:\Users\abuba\OneDrive\Desktop\GEN_AI\project\outputs\samples\synthetic_candidates\class_088\img05158_aug00.jpg,synthetic,foreground_preserving_background_swap,
synthetic_5173_0,5173,88,Hooded Merganser,class_088\img05173_aug00.jpg,C:\Users\abuba\OneDrive\Desktop\GEN_AI\project\outputs\samples\synthetic_candidates\class_088\img05173_aug00.jpg,synthetic,foreground_preserving_background_swap,
synthetic_5217_0,5217,89,Red breasted Merganser,class_089\img05217_aug00.jpg,C:\Users\abuba\OneDrive\Desktop\GEN_AI\project\outputs\samples\synthetic_candidates\class_089\img05217_aug00.jpg,synthetic,foreground_preserving_background_swap,
synthetic_5244_0,5244,89,Red breasted Merganser,class_089\img05244_aug00.jpg,C:\Users\abuba\OneDrive\Desktop\GEN_AI\project\outputs\samples\synthetic_candidates\class_089\img05244_aug00.jpg,synthetic,foreground_preserving_background_swap,
synthetic_5288_0,5288,90,Mockingbird,class_090\img05288_aug00.jpg,C:\Users\abuba\OneDrive\Desktop\GEN_AI\project\outputs\samples\synthetic_candidates\class_090\img05288_aug00.jpg,synthetic,foreground_preserving_background_swap,
synthetic_5310_0,5310,90,Mockingbird,class_090\img05310_aug00.jpg,C:\Users\abuba\OneDrive\Desktop\GEN_AI\project\outputs\samples\synthetic_candidates\class_090\img05310_aug00.jpg,synthetic,foreground_preserving_background_swap,
synthetic_5356_0,5356,91,Nighthawk,class_091\img05356_aug00.jpg,C:\Users\abuba\OneDrive\Desktop\GEN_AI\project\outputs\samples\synthetic_candidates\class_091\img05356_aug00.jpg,synthetic,foreground_preserving_background_swap,
synthetic_5375_0,5375,91,Nighthawk,class_091\img05375_aug00.jpg,C:\Users\abuba\OneDrive\Desktop\GEN_AI\project\outputs\samples\synthetic_candidates\class_091\img05375_aug00.jpg,synthetic,foreground_preserving_background_swap,
synthetic_5417_0,5417,92,Clark Nutcracker,class_092\img05417_aug00.jpg,C:\Users\abuba\OneDrive\Desktop\GEN_AI\project\outputs\samples\synthetic_candidates\class_092\img05417_aug00.jpg,synthetic,foreground_preserving_background_swap,
synthetic_5418_0,5418,92,Clark Nutcracker,class_092\img05418_aug00.jpg,C:\Users\abuba\OneDrive\Desktop\GEN_AI\project\outputs\samples\synthetic_candidates\class_092\img05418_aug00.jpg,synthetic,foreground_preserving_background_swap,
synthetic_5495_0,5495,93,White breasted Nuthatch,class_093\img05495_aug00.jpg,C:\Users\abuba\OneDrive\Desktop\GEN_AI\project\outputs\samples\synthetic_candidates\class_093\img05495_aug00.jpg,synthetic,foreground_preserving_background_swap,
synthetic_5462_0,5462,93,White breasted Nuthatch,class_093\img05462_aug00.jpg,C:\Users\abuba\OneDrive\Desktop\GEN_AI\project\outputs\samples\synthetic_candidates\class_093\img05462_aug00.jpg,synthetic,foreground_preserving_background_swap,
synthetic_5512_0,5512,94,Baltimore Oriole,class_094\img05512_aug00.jpg,C:\Users\abuba\OneDrive\Desktop\GEN_AI\project\outputs\samples\synthetic_candidates\class_094\img05512_aug00.jpg,synthetic,foreground_preserving_background_swap,
synthetic_5561_0,5561,94,Baltimore Oriole,class_094\img05561_aug00.jpg,C:\Users\abuba\OneDrive\Desktop\GEN_AI\project\outputs\samples\synthetic_candidates\class_094\img05561_aug00.jpg,synthetic,foreground_preserving_background_swap,
synthetic_5621_0,5621,95,Hooded Oriole,class_095\img05621_aug00.jpg,C:\Users\abuba\OneDrive\Desktop\GEN_AI\project\outputs\samples\synthetic_candidates\class_095\img05621_aug00.jpg,synthetic,foreground_preserving_background_swap,
synthetic_5607_0,5607,95,Hooded Oriole,class_095\img05607_aug00.jpg,C:\Users\abuba\OneDrive\Desktop\GEN_AI\project\outputs\samples\synthetic_candidates\class_095\img05607_aug00.jpg,synthetic,foreground_preserving_background_swap,
synthetic_5663_0,5663,96,Orchard Oriole,class_096\img05663_aug00.jpg,C:\Users\abuba\OneDrive\Desktop\GEN_AI\project\outputs\samples\synthetic_candidates\class_096\img05663_aug00.jpg,synthetic,foreground_preserving_background_swap,
synthetic_5675_0,5675,96,Orchard Oriole,class_096\img05675_aug00.jpg,C:\Users\abuba\OneDrive\Desktop\GEN_AI\project\outputs\samples\synthetic_candidates\class_096\img05675_aug00.jpg,synthetic,foreground_preserving_background_swap,
synthetic_5701_0,5701,97,Scott Oriole,class_097\img05701_aug00.jpg,C:\Users\abuba\OneDrive\Desktop\GEN_AI\project\outputs\samples\synthetic_candidates\class_097\img05701_aug00.jpg,synthetic,foreground_preserving_background_swap,
synthetic_5699_0,5699,97,Scott Oriole,class_097\img05699_aug00.jpg,C:\Users\abuba\OneDrive\Desktop\GEN_AI\project\outputs\samples\synthetic_candidates\class_097\img05699_aug00.jpg,synthetic,foreground_preserving_background_swap,
synthetic_5782_0,5782,98,Ovenbird,class_098\img05782_aug00.jpg,C:\Users\abuba\OneDrive\Desktop\GEN_AI\project\outputs\samples\synthetic_candidates\class_098\img05782_aug00.jpg,synthetic,foreground_preserving_background_swap,
synthetic_5756_0,5756,98,Ovenbird,class_098\img05756_aug00.jpg,C:\Users\abuba\OneDrive\Desktop\GEN_AI\project\outputs\samples\synthetic_candidates\class_098\img05756_aug00.jpg,synthetic,foreground_preserving_background_swap,
synthetic_5825_0,5825,99,Brown Pelican,class_099\img05825_aug00.jpg,C:\Users\abuba\OneDrive\Desktop\GEN_AI\project\outputs\samples\synthetic_candidates\class_099\img05825_aug00.jpg,synthetic,foreground_preserving_background_swap,
synthetic_5824_0,5824,99,Brown Pelican,class_099\img05824_aug00.jpg,C:\Users\abuba\OneDrive\Desktop\GEN_AI\project\outputs\samples\synthetic_candidates\class_099\img05824_aug00.jpg,synthetic,foreground_preserving_background_swap,
synthetic_5892_0,5892,100,White Pelican,class_100\img05892_aug00.jpg,C:\Users\abuba\OneDrive\Desktop\GEN_AI\project\outputs\samples\synthetic_candidates\class_100\img05892_aug00.jpg,synthetic,foreground_preserving_background_swap,
synthetic_5872_0,5872,100,White Pelican,class_100\img05872_aug00.jpg,C:\Users\abuba\OneDrive\Desktop\GEN_AI\project\outputs\samples\synthetic_candidates\class_100\img05872_aug00.jpg,synthetic,foreground_preserving_background_swap,
synthetic_5916_0,5916,101,Western Wood Pewee,class_101\img05916_aug00.jpg,C:\Users\abuba\OneDrive\Desktop\GEN_AI\project\outputs\samples\synthetic_candidates\class_101\img05916_aug00.jpg,synthetic,foreground_preserving_background_swap,
synthetic_5948_0,5948,101,Western Wood Pewee,class_101\img05948_aug00.jpg,C:\Users\abuba\OneDrive\Desktop\GEN_AI\project\outputs\samples\synthetic_candidates\class_101\img05948_aug00.jpg,synthetic,foreground_preserving_background_swap,
synthetic_6006_0,6006,102,Sayornis,class_102\img06006_aug00.jpg,C:\Users\abuba\OneDrive\Desktop\GEN_AI\project\outputs\samples\synthetic_candidates\class_102\img06006_aug00.jpg,synthetic,foreground_preserving_background_swap,
synthetic_5980_0,5980,102,Sayornis,class_102\img05980_aug00.jpg,C:\Users\abuba\OneDrive\Desktop\GEN_AI\project\outputs\samples\synthetic_candidates\class_102\img05980_aug00.jpg,synthetic,foreground_preserving_background_swap,
synthetic_6064_0,6064,103,American Pipit,class_103\img06064_aug00.jpg,C:\Users\abuba\OneDrive\Desktop\GEN_AI\project\outputs\samples\synthetic_candidates\class_103\img06064_aug00.jpg,synthetic,foreground_preserving_background_swap,
synthetic_6083_0,6083,103,American Pipit,class_103\img06083_aug00.jpg,C:\Users\abuba\OneDrive\Desktop\GEN_AI\project\outputs\samples\synthetic_candidates\class_103\img06083_aug00.jpg,synthetic,foreground_preserving_background_swap,
synthetic_6120_0,6120,104,Whip poor Will,class_104\img06120_aug00.jpg,C:\Users\abuba\OneDrive\Desktop\GEN_AI\project\outputs\samples\synthetic_candidates\class_104\img06120_aug00.jpg,synthetic,foreground_preserving_background_swap,
synthetic_6110_0,6110,104,Whip poor Will,class_104\img06110_aug00.jpg,C:\Users\abuba\OneDrive\Desktop\GEN_AI\project\outputs\samples\synthetic_candidates\class_104\img06110_aug00.jpg,synthetic,foreground_preserving_background_swap,
synthetic_6188_0,6188,105,Horned Puffin,class_105\img06188_aug00.jpg,C:\Users\abuba\OneDrive\Desktop\GEN_AI\project\outputs\samples\synthetic_candidates\class_105\img06188_aug00.jpg,synthetic,foreground_preserving_background_swap,
synthetic_6181_0,6181,105,Horned Puffin,class_105\img06181_aug00.jpg,C:\Users\abuba\OneDrive\Desktop\GEN_AI\project\outputs\samples\synthetic_candidates\class_105\img06181_aug00.jpg,synthetic,foreground_preserving_background_swap,
synthetic_6238_0,6238,106,Common Raven,class_106\img06238_aug00.jpg,C:\Users\abuba\OneDrive\Desktop\GEN_AI\project\outputs\samples\synthetic_candidates\class_106\img06238_aug00.jpg,synthetic,foreground_preserving_background_swap,
synthetic_6243_0,6243,106,Common Raven,class_106\img06243_aug00.jpg,C:\Users\abuba\OneDrive\Desktop\GEN_AI\project\outputs\samples\synthetic_candidates\class_106\img06243_aug00.jpg,synthetic,foreground_preserving_background_swap,
synthetic_6291_0,6291,107,White necked Raven,class_107\img06291_aug00.jpg,C:\Users\abuba\OneDrive\Desktop\GEN_AI\project\outputs\samples\synthetic_candidates\class_107\img06291_aug00.jpg,synthetic,foreground_preserving_background_swap,
synthetic_6277_0,6277,107,White necked Raven,class_107\img06277_aug00.jpg,C:\Users\abuba\OneDrive\Desktop\GEN_AI\project\outputs\samples\synthetic_candidates\class_107\img06277_aug00.jpg,synthetic,foreground_preserving_background_swap,
synthetic_6349_0,6349,108,American Redstart,class_108\img06349_aug00.jpg,C:\Users\abuba\OneDrive\Desktop\GEN_AI\project\outputs\samples\synthetic_candidates\class_108\img06349_aug00.jpg,synthetic,foreground_preserving_background_swap,
synthetic_6328_0,6328,108,American Redstart,class_108\img06328_aug00.jpg,C:\Users\abuba\OneDrive\Desktop\GEN_AI\project\outputs\samples\synthetic_candidates\class_108\img06328_aug00.jpg,synthetic,foreground_preserving_background_swap,
synthetic_6391_0,6391,109,Geococcyx,class_109\img06391_aug00.jpg,C:\Users\abuba\OneDrive\Desktop\GEN_AI\project\outputs\samples\synthetic_candidates\class_109\img06391_aug00.jpg,synthetic,foreground_preserving_background_swap,
synthetic_6441_0,6441,109,Geococcyx,class_109\img06441_aug00.jpg,C:\Users\abuba\OneDrive\Desktop\GEN_AI\project\outputs\samples\synthetic_candidates\class_109\img06441_aug00.jpg,synthetic,foreground_preserving_background_swap,
synthetic_6478_0,6478,110,Loggerhead Shrike,class_110\img06478_aug00.jpg,C:\Users\abuba\OneDrive\Desktop\GEN_AI\project\outputs\samples\synthetic_candidates\class_110\img06478_aug00.jpg,synthetic,foreground_preserving_background_swap,
synthetic_6489_0,6489,110,Loggerhead Shrike,class_110\img06489_aug00.jpg,C:\Users\abuba\OneDrive\Desktop\GEN_AI\project\outputs\samples\synthetic_candidates\class_110\img06489_aug00.jpg,synthetic,foreground_preserving_background_swap,
synthetic_6539_0,6539,111,Great Grey Shrike,class_111\img06539_aug00.jpg,C:\Users\abuba\OneDrive\Desktop\GEN_AI\project\outputs\samples\synthetic_candidates\class_111\img06539_aug00.jpg,synthetic,foreground_preserving_background_swap,
synthetic_6535_0,6535,111,Great Grey Shrike,class_111\img06535_aug00.jpg,C:\Users\abuba\OneDrive\Desktop\GEN_AI\project\outputs\samples\synthetic_candidates\class_111\img06535_aug00.jpg,synthetic,foreground_preserving_background_swap,
synthetic_6572_0,6572,112,Baird Sparrow,class_112\img06572_aug00.jpg,C:\Users\abuba\OneDrive\Desktop\GEN_AI\project\outputs\samples\synthetic_candidates\class_112\img06572_aug00.jpg,synthetic,foreground_preserving_background_swap,
synthetic_6598_0,6598,112,Baird Sparrow,class_112\img06598_aug00.jpg,C:\Users\abuba\OneDrive\Desktop\GEN_AI\project\outputs\samples\synthetic_candidates\class_112\img06598_aug00.jpg,synthetic,foreground_preserving_background_swap,
synthetic_6633_0,6633,113,Black throated Sparrow,class_113\img06633_aug00.jpg,C:\Users\abuba\OneDrive\Desktop\GEN_AI\project\outputs\samples\synthetic_candidates\class_113\img06633_aug00.jpg,synthetic,foreground_preserving_background_swap,
synthetic_6654_0,6654,113,Black throated Sparrow,class_113\img06654_aug00.jpg,C:\Users\abuba\OneDrive\Desktop\GEN_AI\project\outputs\samples\synthetic_candidates\class_113\img06654_aug00.jpg,synthetic,foreground_preserving_background_swap,
synthetic_6715_0,6715,114,Brewer Sparrow,class_114\img06715_aug00.jpg,C:\Users\abuba\OneDrive\Desktop\GEN_AI\project\outputs\samples\synthetic_candidates\class_114\img06715_aug00.jpg,synthetic,foreground_preserving_background_swap,
synthetic_6726_0,6726,114,Brewer Sparrow,class_114\img06726_aug00.jpg,C:\Users\abuba\OneDrive\Desktop\GEN_AI\project\outputs\samples\synthetic_candidates\class_114\img06726_aug00.jpg,synthetic,foreground_preserving_background_swap,
synthetic_6772_0,6772,115,Chipping Sparrow,class_115\img06772_aug00.jpg,C:\Users\abuba\OneDrive\Desktop\GEN_AI\project\outputs\samples\synthetic_candidates\class_115\img06772_aug00.jpg,synthetic,foreground_preserving_background_swap,
synthetic_6739_0,6739,115,Chipping Sparrow,class_115\img06739_aug00.jpg,C:\Users\abuba\OneDrive\Desktop\GEN_AI\project\outputs\samples\synthetic_candidates\class_115\img06739_aug00.jpg,synthetic,foreground_preserving_background_swap,
synthetic_6825_0,6825,116,Clay colored Sparrow,class_116\img06825_aug00.jpg,C:\Users\abuba\OneDrive\Desktop\GEN_AI\project\outputs\samples\synthetic_candidates\class_116\img06825_aug00.jpg,synthetic,foreground_preserving_background_swap,
synthetic_6817_0,6817,116,Clay colored Sparrow,class_116\img06817_aug00.jpg,C:\Users\abuba\OneDrive\Desktop\GEN_AI\project\outputs\samples\synthetic_candidates\class_116\img06817_aug00.jpg,synthetic,foreground_preserving_background_swap,
synthetic_6891_0,6891,117,House Sparrow,class_117\img06891_aug00.jpg,C:\Users\abuba\OneDrive\Desktop\GEN_AI\project\outputs\samples\synthetic_candidates\class_117\img06891_aug00.jpg,synthetic,foreground_preserving_background_swap,
synthetic_6907_0,6907,117,House Sparrow,class_117\img06907_aug00.jpg,C:\Users\abuba\OneDrive\Desktop\GEN_AI\project\outputs\samples\synthetic_candidates\class_117\img06907_aug00.jpg,synthetic,foreground_preserving_background_swap,
synthetic_6930_0,6930,118,Field Sparrow,class_118\img06930_aug00.jpg,C:\Users\abuba\OneDrive\Desktop\GEN_AI\project\outputs\samples\synthetic_candidates\class_118\img06930_aug00.jpg,synthetic,foreground_preserving_background_swap,
synthetic_6934_0,6934,118,Field Sparrow,class_118\img06934_aug00.jpg,C:\Users\abuba\OneDrive\Desktop\GEN_AI\project\outputs\samples\synthetic_candidates\class_118\img06934_aug00.jpg,synthetic,foreground_preserving_background_swap,
synthetic_6984_0,6984,119,Fox Sparrow,class_119\img06984_aug00.jpg,C:\Users\abuba\OneDrive\Desktop\GEN_AI\project\outputs\samples\synthetic_candidates\class_119\img06984_aug00.jpg,synthetic,foreground_preserving_background_swap,
synthetic_7016_0,7016,119,Fox Sparrow,class_119\img07016_aug00.jpg,C:\Users\abuba\OneDrive\Desktop\GEN_AI\project\outputs\samples\synthetic_candidates\class_119\img07016_aug00.jpg,synthetic,foreground_preserving_background_swap,
synthetic_7042_0,7042,120,Grasshopper Sparrow,class_120\img07042_aug00.jpg,C:\Users\abuba\OneDrive\Desktop\GEN_AI\project\outputs\samples\synthetic_candidates\class_120\img07042_aug00.jpg,synthetic,foreground_preserving_background_swap,
synthetic_7055_0,7055,120,Grasshopper Sparrow,class_120\img07055_aug00.jpg,C:\Users\abuba\OneDrive\Desktop\GEN_AI\project\outputs\samples\synthetic_candidates\class_120\img07055_aug00.jpg,synthetic,foreground_preserving_background_swap,
synthetic_7124_0,7124,121,Harris Sparrow,class_121\img07124_aug00.jpg,C:\Users\abuba\OneDrive\Desktop\GEN_AI\project\outputs\samples\synthetic_candidates\class_121\img07124_aug00.jpg,synthetic,foreground_preserving_background_swap,
synthetic_7093_0,7093,121,Harris Sparrow,class_121\img07093_aug00.jpg,C:\Users\abuba\OneDrive\Desktop\GEN_AI\project\outputs\samples\synthetic_candidates\class_121\img07093_aug00.jpg,synthetic,foreground_preserving_background_swap,
synthetic_7178_0,7178,122,Henslow Sparrow,class_122\img07178_aug00.jpg,C:\Users\abuba\OneDrive\Desktop\GEN_AI\project\outputs\samples\synthetic_candidates\class_122\img07178_aug00.jpg,synthetic,foreground_preserving_background_swap,
synthetic_7164_0,7164,122,Henslow Sparrow,class_122\img07164_aug00.jpg,C:\Users\abuba\OneDrive\Desktop\GEN_AI\project\outputs\samples\synthetic_candidates\class_122\img07164_aug00.jpg,synthetic,foreground_preserving_background_swap,
synthetic_7243_0,7243,123,Le Conte Sparrow,class_123\img07243_aug00.jpg,C:\Users\abuba\OneDrive\Desktop\GEN_AI\project\outputs\samples\synthetic_candidates\class_123\img07243_aug00.jpg,synthetic,foreground_preserving_background_swap,
synthetic_7234_0,7234,123,Le Conte Sparrow,class_123\img07234_aug00.jpg,C:\Users\abuba\OneDrive\Desktop\GEN_AI\project\outputs\samples\synthetic_candidates\class_123\img07234_aug00.jpg,synthetic,foreground_preserving_background_swap,
synthetic_7274_0,7274,124,Lincoln Sparrow,class_124\img07274_aug00.jpg,C:\Users\abuba\OneDrive\Desktop\GEN_AI\project\outputs\samples\synthetic_candidates\class_124\img07274_aug00.jpg,synthetic,foreground_preserving_background_swap,
synthetic_7294_0,7294,124,Lincoln Sparrow,class_124\img07294_aug00.jpg,C:\Users\abuba\OneDrive\Desktop\GEN_AI\project\outputs\samples\synthetic_candidates\class_124\img07294_aug00.jpg,synthetic,foreground_preserving_background_swap,
synthetic_7360_0,7360,125,Nelson Sharp tailed Sparrow,class_125\img07360_aug00.jpg,C:\Users\abuba\OneDrive\Desktop\GEN_AI\project\outputs\samples\synthetic_candidates\class_125\img07360_aug00.jpg,synthetic,foreground_preserving_background_swap,
synthetic_7362_0,7362,125,Nelson Sharp tailed Sparrow,class_125\img07362_aug00.jpg,C:\Users\abuba\OneDrive\Desktop\GEN_AI\project\outputs\samples\synthetic_candidates\class_125\img07362_aug00.jpg,synthetic,foreground_preserving_background_swap,
synthetic_7437_0,7437,126,Savannah Sparrow,class_126\img07437_aug00.jpg,C:\Users\abuba\OneDrive\Desktop\GEN_AI\project\outputs\samples\synthetic_candidates\class_126\img07437_aug00.jpg,synthetic,foreground_preserving_background_swap,
synthetic_7433_0,7433,126,Savannah Sparrow,class_126\img07433_aug00.jpg,C:\Users\abuba\OneDrive\Desktop\GEN_AI\project\outputs\samples\synthetic_candidates\class_126\img07433_aug00.jpg,synthetic,foreground_preserving_background_swap,
synthetic_7501_0,7501,127,Seaside Sparrow,class_127\img07501_aug00.jpg,C:\Users\abuba\OneDrive\Desktop\GEN_AI\project\outputs\samples\synthetic_candidates\class_127\img07501_aug00.jpg,synthetic,foreground_preserving_background_swap,
synthetic_7461_0,7461,127,Seaside Sparrow,class_127\img07461_aug00.jpg,C:\Users\abuba\OneDrive\Desktop\GEN_AI\project\outputs\samples\synthetic_candidates\class_127\img07461_aug00.jpg,synthetic,foreground_preserving_background_swap,
synthetic_7543_0,7543,128,Song Sparrow,class_128\img07543_aug00.jpg,C:\Users\abuba\OneDrive\Desktop\GEN_AI\project\outputs\samples\synthetic_candidates\class_128\img07543_aug00.jpg,synthetic,foreground_preserving_background_swap,
synthetic_7549_0,7549,128,Song Sparrow,class_128\img07549_aug00.jpg,C:\Users\abuba\OneDrive\Desktop\GEN_AI\project\outputs\samples\synthetic_candidates\class_128\img07549_aug00.jpg,synthetic,foreground_preserving_background_swap,
synthetic_7618_0,7618,129,Tree Sparrow,class_129\img07618_aug00.jpg,C:\Users\abuba\OneDrive\Desktop\GEN_AI\project\outputs\samples\synthetic_candidates\class_129\img07618_aug00.jpg,synthetic,foreground_preserving_background_swap,
synthetic_7610_0,7610,129,Tree Sparrow,class_129\img07610_aug00.jpg,C:\Users\abuba\OneDrive\Desktop\GEN_AI\project\outputs\samples\synthetic_candidates\class_129\img07610_aug00.jpg,synthetic,foreground_preserving_background_swap,
synthetic_7656_0,7656,130,Vesper Sparrow,class_130\img07656_aug00.jpg,C:\Users\abuba\OneDrive\Desktop\GEN_AI\project\outputs\samples\synthetic_candidates\class_130\img07656_aug00.jpg,synthetic,foreground_preserving_background_swap,
synthetic_7676_0,7676,130,Vesper Sparrow,class_130\img07676_aug00.jpg,C:\Users\abuba\OneDrive\Desktop\GEN_AI\project\outputs\samples\synthetic_candidates\class_130\img07676_aug00.jpg,synthetic,foreground_preserving_background_swap,
synthetic_7718_0,7718,131,White crowned Sparrow,class_131\img07718_aug00.jpg,C:\Users\abuba\OneDrive\Desktop\GEN_AI\project\outputs\samples\synthetic_candidates\class_131\img07718_aug00.jpg,synthetic,foreground_preserving_background_swap,
synthetic_7700_0,7700,131,White crowned Sparrow,class_131\img07700_aug00.jpg,C:\Users\abuba\OneDrive\Desktop\GEN_AI\project\outputs\samples\synthetic_candidates\class_131\img07700_aug00.jpg,synthetic,foreground_preserving_background_swap,
synthetic_7750_0,7750,132,White throated Sparrow,class_132\img07750_aug00.jpg,C:\Users\abuba\OneDrive\Desktop\GEN_AI\project\outputs\samples\synthetic_candidates\class_132\img07750_aug00.jpg,synthetic,foreground_preserving_background_swap,
synthetic_7797_0,7797,132,White throated Sparrow,class_132\img07797_aug00.jpg,C:\Users\abuba\OneDrive\Desktop\GEN_AI\project\outputs\samples\synthetic_candidates\class_132\img07797_aug00.jpg,synthetic,foreground_preserving_background_swap,
synthetic_7816_0,7816,133,Cape Glossy Starling,class_133\img07816_aug00.jpg,C:\Users\abuba\OneDrive\Desktop\GEN_AI\project\outputs\samples\synthetic_candidates\class_133\img07816_aug00.jpg,synthetic,foreground_preserving_background_swap,
synthetic_7827_0,7827,133,Cape Glossy Starling,class_133\img07827_aug00.jpg,C:\Users\abuba\OneDrive\Desktop\GEN_AI\project\outputs\samples\synthetic_candidates\class_133\img07827_aug00.jpg,synthetic,foreground_preserving_background_swap,
synthetic_7881_0,7881,134,Bank Swallow,class_134\img07881_aug00.jpg,C:\Users\abuba\OneDrive\Desktop\GEN_AI\project\outputs\samples\synthetic_candidates\class_134\img07881_aug00.jpg,synthetic,foreground_preserving_background_swap,
synthetic_7898_0,7898,134,Bank Swallow,class_134\img07898_aug00.jpg,C:\Users\abuba\OneDrive\Desktop\GEN_AI\project\outputs\samples\synthetic_candidates\class_134\img07898_aug00.jpg,synthetic,foreground_preserving_background_swap,
synthetic_7960_0,7960,135,Barn Swallow,class_135\img07960_aug00.jpg,C:\Users\abuba\OneDrive\Desktop\GEN_AI\project\outputs\samples\synthetic_candidates\class_135\img07960_aug00.jpg,synthetic,foreground_preserving_background_swap,
synthetic_7957_0,7957,135,Barn Swallow,class_135\img07957_aug00.jpg,C:\Users\abuba\OneDrive\Desktop\GEN_AI\project\outputs\samples\synthetic_candidates\class_135\img07957_aug00.jpg,synthetic,foreground_preserving_background_swap,
synthetic_8041_0,8041,136,Cliff Swallow,class_136\img08041_aug00.jpg,C:\Users\abuba\OneDrive\Desktop\GEN_AI\project\outputs\samples\synthetic_candidates\class_136\img08041_aug00.jpg,synthetic,foreground_preserving_background_swap,
synthetic_7997_0,7997,136,Cliff Swallow,class_136\img07997_aug00.jpg,C:\Users\abuba\OneDrive\Desktop\GEN_AI\project\outputs\samples\synthetic_candidates\class_136\img07997_aug00.jpg,synthetic,foreground_preserving_background_swap,
synthetic_8102_0,8102,137,Tree Swallow,class_137\img08102_aug00.jpg,C:\Users\abuba\OneDrive\Desktop\GEN_AI\project\outputs\samples\synthetic_candidates\class_137\img08102_aug00.jpg,synthetic,foreground_preserving_background_swap,
synthetic_8047_0,8047,137,Tree Swallow,class_137\img08047_aug00.jpg,C:\Users\abuba\OneDrive\Desktop\GEN_AI\project\outputs\samples\synthetic_candidates\class_137\img08047_aug00.jpg,synthetic,foreground_preserving_background_swap,
synthetic_8116_0,8116,138,Scarlet Tanager,class_138\img08116_aug00.jpg,C:\Users\abuba\OneDrive\Desktop\GEN_AI\project\outputs\samples\synthetic_candidates\class_138\img08116_aug00.jpg,synthetic,foreground_preserving_background_swap,
synthetic_8163_0,8163,138,Scarlet Tanager,class_138\img08163_aug00.jpg,C:\Users\abuba\OneDrive\Desktop\GEN_AI\project\outputs\samples\synthetic_candidates\class_138\img08163_aug00.jpg,synthetic,foreground_preserving_background_swap,
synthetic_8214_0,8214,139,Summer Tanager,class_139\img08214_aug00.jpg,C:\Users\abuba\OneDrive\Desktop\GEN_AI\project\outputs\samples\synthetic_candidates\class_139\img08214_aug00.jpg,synthetic,foreground_preserving_background_swap,
synthetic_8193_0,8193,139,Summer Tanager,class_139\img08193_aug00.jpg,C:\Users\abuba\OneDrive\Desktop\GEN_AI\project\outputs\samples\synthetic_candidates\class_139\img08193_aug00.jpg,synthetic,foreground_preserving_background_swap,
synthetic_8267_0,8267,140,Artic Tern,class_140\img08267_aug00.jpg,C:\Users\abuba\OneDrive\Desktop\GEN_AI\project\outputs\samples\synthetic_candidates\class_140\img08267_aug00.jpg,synthetic,foreground_preserving_background_swap,
synthetic_8230_0,8230,140,Artic Tern,class_140\img08230_aug00.jpg,C:\Users\abuba\OneDrive\Desktop\GEN_AI\project\outputs\samples\synthetic_candidates\class_140\img08230_aug00.jpg,synthetic,foreground_preserving_background_swap,
synthetic_8289_0,8289,141,Black Tern,class_141\img08289_aug00.jpg,C:\Users\abuba\OneDrive\Desktop\GEN_AI\project\outputs\samples\synthetic_candidates\class_141\img08289_aug00.jpg,synthetic,foreground_preserving_background_swap,
synthetic_8324_0,8324,141,Black Tern,class_141\img08324_aug00.jpg,C:\Users\abuba\OneDrive\Desktop\GEN_AI\project\outputs\samples\synthetic_candidates\class_141\img08324_aug00.jpg,synthetic,foreground_preserving_background_swap,
synthetic_8369_0,8369,142,Caspian Tern,class_142\img08369_aug00.jpg,C:\Users\abuba\OneDrive\Desktop\GEN_AI\project\outputs\samples\synthetic_candidates\class_142\img08369_aug00.jpg,synthetic,foreground_preserving_background_swap,
synthetic_8373_0,8373,142,Caspian Tern,class_142\img08373_aug00.jpg,C:\Users\abuba\OneDrive\Desktop\GEN_AI\project\outputs\samples\synthetic_candidates\class_142\img08373_aug00.jpg,synthetic,foreground_preserving_background_swap,
synthetic_8419_0,8419,143,Common Tern,class_143\img08419_aug00.jpg,C:\Users\abuba\OneDrive\Desktop\GEN_AI\project\outputs\samples\synthetic_candidates\class_143\img08419_aug00.jpg,synthetic,foreground_preserving_background_swap,
synthetic_8459_0,8459,143,Common Tern,class_143\img08459_aug00.jpg,C:\Users\abuba\OneDrive\Desktop\GEN_AI\project\outputs\samples\synthetic_candidates\class_143\img08459_aug00.jpg,synthetic,foreground_preserving_background_swap,
synthetic_8520_0,8520,144,Elegant Tern,class_144\img08520_aug00.jpg,C:\Users\abuba\OneDrive\Desktop\GEN_AI\project\outputs\samples\synthetic_candidates\class_144\img08520_aug00.jpg,synthetic,foreground_preserving_background_swap,
synthetic_8480_0,8480,144,Elegant Tern,class_144\img08480_aug00.jpg,C:\Users\abuba\OneDrive\Desktop\GEN_AI\project\outputs\samples\synthetic_candidates\class_144\img08480_aug00.jpg,synthetic,foreground_preserving_background_swap,
synthetic_8540_0,8540,145,Forsters Tern,class_145\img08540_aug00.jpg,C:\Users\abuba\OneDrive\Desktop\GEN_AI\project\outputs\samples\synthetic_candidates\class_145\img08540_aug00.jpg,synthetic,foreground_preserving_background_swap,
synthetic_8570_0,8570,145,Forsters Tern,class_145\img08570_aug00.jpg,C:\Users\abuba\OneDrive\Desktop\GEN_AI\project\outputs\samples\synthetic_candidates\class_145\img08570_aug00.jpg,synthetic,foreground_preserving_background_swap,
synthetic_8636_0,8636,146,Least Tern,class_146\img08636_aug00.jpg,C:\Users\abuba\OneDrive\Desktop\GEN_AI\project\outputs\samples\synthetic_candidates\class_146\img08636_aug00.jpg,synthetic,foreground_preserving_background_swap,
synthetic_8599_0,8599,146,Least Tern,class_146\img08599_aug00.jpg,C:\Users\abuba\OneDrive\Desktop\GEN_AI\project\outputs\samples\synthetic_candidates\class_146\img08599_aug00.jpg,synthetic,foreground_preserving_background_swap,
synthetic_8657_0,8657,147,Green tailed Towhee,class_147\img08657_aug00.jpg,C:\Users\abuba\OneDrive\Desktop\GEN_AI\project\outputs\samples\synthetic_candidates\class_147\img08657_aug00.jpg,synthetic,foreground_preserving_background_swap,
synthetic_8671_0,8671,147,Green tailed Towhee,class_147\img08671_aug00.jpg,C:\Users\abuba\OneDrive\Desktop\GEN_AI\project\outputs\samples\synthetic_candidates\class_147\img08671_aug00.jpg,synthetic,foreground_preserving_background_swap,
synthetic_8717_0,8717,148,Brown Thrasher,class_148\img08717_aug00.jpg,C:\Users\abuba\OneDrive\Desktop\GEN_AI\project\outputs\samples\synthetic_candidates\class_148\img08717_aug00.jpg,synthetic,foreground_preserving_background_swap,
synthetic_8714_0,8714,148,Brown Thrasher,class_148\img08714_aug00.jpg,C:\Users\abuba\OneDrive\Desktop\GEN_AI\project\outputs\samples\synthetic_candidates\class_148\img08714_aug00.jpg,synthetic,foreground_preserving_background_swap,
synthetic_8770_0,8770,149,Sage Thrasher,class_149\img08770_aug00.jpg,C:\Users\abuba\OneDrive\Desktop\GEN_AI\project\outputs\samples\synthetic_candidates\class_149\img08770_aug00.jpg,synthetic,foreground_preserving_background_swap,
synthetic_8772_0,8772,149,Sage Thrasher,class_149\img08772_aug00.jpg,C:\Users\abuba\OneDrive\Desktop\GEN_AI\project\outputs\samples\synthetic_candidates\class_149\img08772_aug00.jpg,synthetic,foreground_preserving_background_swap,
synthetic_8848_0,8848,150,Black capped Vireo,class_150\img08848_aug00.jpg,C:\Users\abuba\OneDrive\Desktop\GEN_AI\project\outputs\samples\synthetic_candidates\class_150\img08848_aug00.jpg,synthetic,foreground_preserving_background_swap,
synthetic_8851_0,8851,150,Black capped Vireo,class_150\img08851_aug00.jpg,C:\Users\abuba\OneDrive\Desktop\GEN_AI\project\outputs\samples\synthetic_candidates\class_150\img08851_aug00.jpg,synthetic,foreground_preserving_background_swap,
synthetic_8885_0,8885,151,Blue headed Vireo,class_151\img08885_aug00.jpg,C:\Users\abuba\OneDrive\Desktop\GEN_AI\project\outputs\samples\synthetic_candidates\class_151\img08885_aug00.jpg,synthetic,foreground_preserving_background_swap,
synthetic_8886_0,8886,151,Blue headed Vireo,class_151\img08886_aug00.jpg,C:\Users\abuba\OneDrive\Desktop\GEN_AI\project\outputs\samples\synthetic_candidates\class_151\img08886_aug00.jpg,synthetic,foreground_preserving_background_swap,
synthetic_8974_0,8974,152,Philadelphia Vireo,class_152\img08974_aug00.jpg,C:\Users\abuba\OneDrive\Desktop\GEN_AI\project\outputs\samples\synthetic_candidates\class_152\img08974_aug00.jpg,synthetic,foreground_preserving_background_swap,
synthetic_8963_0,8963,152,Philadelphia Vireo,class_152\img08963_aug00.jpg,C:\Users\abuba\OneDrive\Desktop\GEN_AI\project\outputs\samples\synthetic_candidates\class_152\img08963_aug00.jpg,synthetic,foreground_preserving_background_swap,
synthetic_9041_0,9041,153,Red eyed Vireo,class_153\img09041_aug00.jpg,C:\Users\abuba\OneDrive\Desktop\GEN_AI\project\outputs\samples\synthetic_candidates\class_153\img09041_aug00.jpg,synthetic,foreground_preserving_background_swap,
synthetic_9042_0,9042,153,Red eyed Vireo,class_153\img09042_aug00.jpg,C:\Users\abuba\OneDrive\Desktop\GEN_AI\project\outputs\samples\synthetic_candidates\class_153\img09042_aug00.jpg,synthetic,foreground_preserving_background_swap,
synthetic_9059_0,9059,154,Warbling Vireo,class_154\img09059_aug00.jpg,C:\Users\abuba\OneDrive\Desktop\GEN_AI\project\outputs\samples\synthetic_candidates\class_154\img09059_aug00.jpg,synthetic,foreground_preserving_background_swap,
synthetic_9093_0,9093,154,Warbling Vireo,class_154\img09093_aug00.jpg,C:\Users\abuba\OneDrive\Desktop\GEN_AI\project\outputs\samples\synthetic_candidates\class_154\img09093_aug00.jpg,synthetic,foreground_preserving_background_swap,
synthetic_9120_0,9120,155,White eyed Vireo,class_155\img09120_aug00.jpg,C:\Users\abuba\OneDrive\Desktop\GEN_AI\project\outputs\samples\synthetic_candidates\class_155\img09120_aug00.jpg,synthetic,foreground_preserving_background_swap,
synthetic_9123_0,9123,155,White eyed Vireo,class_155\img09123_aug00.jpg,C:\Users\abuba\OneDrive\Desktop\GEN_AI\project\outputs\samples\synthetic_candidates\class_155\img09123_aug00.jpg,synthetic,foreground_preserving_background_swap,
synthetic_9204_0,9204,156,Yellow throated Vireo,class_156\img09204_aug00.jpg,C:\Users\abuba\OneDrive\Desktop\GEN_AI\project\outputs\samples\synthetic_candidates\class_156\img09204_aug00.jpg,synthetic,foreground_preserving_background_swap,
synthetic_9199_0,9199,156,Yellow throated Vireo,class_156\img09199_aug00.jpg,C:\Users\abuba\OneDrive\Desktop\GEN_AI\project\outputs\samples\synthetic_candidates\class_156\img09199_aug00.jpg,synthetic,foreground_preserving_background_swap,
synthetic_9253_0,9253,157,Bay breasted Warbler,class_157\img09253_aug00.jpg,C:\Users\abuba\OneDrive\Desktop\GEN_AI\project\outputs\samples\synthetic_candidates\class_157\img09253_aug00.jpg,synthetic,foreground_preserving_background_swap,
synthetic_9269_0,9269,157,Bay breasted Warbler,class_157\img09269_aug00.jpg,C:\Users\abuba\OneDrive\Desktop\GEN_AI\project\outputs\samples\synthetic_candidates\class_157\img09269_aug00.jpg,synthetic,foreground_preserving_background_swap,
synthetic_9335_0,9335,158,Black and white Warbler,class_158\img09335_aug00.jpg,C:\Users\abuba\OneDrive\Desktop\GEN_AI\project\outputs\samples\synthetic_candidates\class_158\img09335_aug00.jpg,synthetic,foreground_preserving_background_swap,
synthetic_9317_0,9317,158,Black and white Warbler,class_158\img09317_aug00.jpg,C:\Users\abuba\OneDrive\Desktop\GEN_AI\project\outputs\samples\synthetic_candidates\class_158\img09317_aug00.jpg,synthetic,foreground_preserving_background_swap,
synthetic_9388_0,9388,159,Black throated Blue Warbler,class_159\img09388_aug00.jpg,C:\Users\abuba\OneDrive\Desktop\GEN_AI\project\outputs\samples\synthetic_candidates\class_159\img09388_aug00.jpg,synthetic,foreground_preserving_background_swap,
synthetic_9381_0,9381,159,Black throated Blue Warbler,class_159\img09381_aug00.jpg,C:\Users\abuba\OneDrive\Desktop\GEN_AI\project\outputs\samples\synthetic_candidates\class_159\img09381_aug00.jpg,synthetic,foreground_preserving_background_swap,
synthetic_9454_0,9454,160,Blue winged Warbler,class_160\img09454_aug00.jpg,C:\Users\abuba\OneDrive\Desktop\GEN_AI\project\outputs\samples\synthetic_candidates\class_160\img09454_aug00.jpg,synthetic,foreground_preserving_background_swap,
synthetic_9415_0,9415,160,Blue winged Warbler,class_160\img09415_aug00.jpg,C:\Users\abuba\OneDrive\Desktop\GEN_AI\project\outputs\samples\synthetic_candidates\class_160\img09415_aug00.jpg,synthetic,foreground_preserving_background_swap,
synthetic_9530_0,9530,161,Canada Warbler,class_161\img09530_aug00.jpg,C:\Users\abuba\OneDrive\Desktop\GEN_AI\project\outputs\samples\synthetic_candidates\class_161\img09530_aug00.jpg,synthetic,foreground_preserving_background_swap,
synthetic_9521_0,9521,161,Canada Warbler,class_161\img09521_aug00.jpg,C:\Users\abuba\OneDrive\Desktop\GEN_AI\project\outputs\samples\synthetic_candidates\class_161\img09521_aug00.jpg,synthetic,foreground_preserving_background_swap,
synthetic_9563_0,9563,162,Cape May Warbler,class_162\img09563_aug00.jpg,C:\Users\abuba\OneDrive\Desktop\GEN_AI\project\outputs\samples\synthetic_candidates\class_162\img09563_aug00.jpg,synthetic,foreground_preserving_background_swap,
synthetic_9559_0,9559,162,Cape May Warbler,class_162\img09559_aug00.jpg,C:\Users\abuba\OneDrive\Desktop\GEN_AI\project\outputs\samples\synthetic_candidates\class_162\img09559_aug00.jpg,synthetic,foreground_preserving_background_swap,
synthetic_9632_0,9632,163,Cerulean Warbler,class_163\img09632_aug00.jpg,C:\Users\abuba\OneDrive\Desktop\GEN_AI\project\outputs\samples\synthetic_candidates\class_163\img09632_aug00.jpg,synthetic,foreground_preserving_background_swap,
synthetic_9626_0,9626,163,Cerulean Warbler,class_163\img09626_aug00.jpg,C:\Users\abuba\OneDrive\Desktop\GEN_AI\project\outputs\samples\synthetic_candidates\class_163\img09626_aug00.jpg,synthetic,foreground_preserving_background_swap,
synthetic_9680_0,9680,164,Chestnut sided Warbler,class_164\img09680_aug00.jpg,C:\Users\abuba\OneDrive\Desktop\GEN_AI\project\outputs\samples\synthetic_candidates\class_164\img09680_aug00.jpg,synthetic,foreground_preserving_background_swap,
synthetic_9694_0,9694,164,Chestnut sided Warbler,class_164\img09694_aug00.jpg,C:\Users\abuba\OneDrive\Desktop\GEN_AI\project\outputs\samples\synthetic_candidates\class_164\img09694_aug00.jpg,synthetic,foreground_preserving_background_swap,
synthetic_9741_0,9741,165,Golden winged Warbler,class_165\img09741_aug00.jpg,C:\Users\abuba\OneDrive\Desktop\GEN_AI\project\outputs\samples\synthetic_candidates\class_165\img09741_aug00.jpg,synthetic,foreground_preserving_background_swap,
synthetic_9731_0,9731,165,Golden winged Warbler,class_165\img09731_aug00.jpg,C:\Users\abuba\OneDrive\Desktop\GEN_AI\project\outputs\samples\synthetic_candidates\class_165\img09731_aug00.jpg,synthetic,foreground_preserving_background_swap,
synthetic_9788_0,9788,166,Hooded Warbler,class_166\img09788_aug00.jpg,C:\Users\abuba\OneDrive\Desktop\GEN_AI\project\outputs\samples\synthetic_candidates\class_166\img09788_aug00.jpg,synthetic,foreground_preserving_background_swap,
synthetic_9781_0,9781,166,Hooded Warbler,class_166\img09781_aug00.jpg,C:\Users\abuba\OneDrive\Desktop\GEN_AI\project\outputs\samples\synthetic_candidates\class_166\img09781_aug00.jpg,synthetic,foreground_preserving_background_swap,
synthetic_9831_0,9831,167,Kentucky Warbler,class_167\img09831_aug00.jpg,C:\Users\abuba\OneDrive\Desktop\GEN_AI\project\outputs\samples\synthetic_candidates\class_167\img09831_aug00.jpg,synthetic,foreground_preserving_background_swap,
synthetic_9886_0,9886,167,Kentucky Warbler,class_167\img09886_aug00.jpg,C:\Users\abuba\OneDrive\Desktop\GEN_AI\project\outputs\samples\synthetic_candidates\class_167\img09886_aug00.jpg,synthetic,foreground_preserving_background_swap,
synthetic_9944_0,9944,168,Magnolia Warbler,class_168\img09944_aug00.jpg,C:\Users\abuba\OneDrive\Desktop\GEN_AI\project\outputs\samples\synthetic_candidates\class_168\img09944_aug00.jpg,synthetic,foreground_preserving_background_swap,
synthetic_9926_0,9926,168,Magnolia Warbler,class_168\img09926_aug00.jpg,C:\Users\abuba\OneDrive\Desktop\GEN_AI\project\outputs\samples\synthetic_candidates\class_168\img09926_aug00.jpg,synthetic,foreground_preserving_background_swap,
synthetic_9969_0,9969,169,Mourning Warbler,class_169\img09969_aug00.jpg,C:\Users\abuba\OneDrive\Desktop\GEN_AI\project\outputs\samples\synthetic_candidates\class_169\img09969_aug00.jpg,synthetic,foreground_preserving_background_swap,
synthetic_10005_0,10005,169,Mourning Warbler,class_169\img10005_aug00.jpg,C:\Users\abuba\OneDrive\Desktop\GEN_AI\project\outputs\samples\synthetic_candidates\class_169\img10005_aug00.jpg,synthetic,foreground_preserving_background_swap,
synthetic_10012_0,10012,170,Myrtle Warbler,class_170\img10012_aug00.jpg,C:\Users\abuba\OneDrive\Desktop\GEN_AI\project\outputs\samples\synthetic_candidates\class_170\img10012_aug00.jpg,synthetic,foreground_preserving_background_swap,
synthetic_10045_0,10045,170,Myrtle Warbler,class_170\img10045_aug00.jpg,C:\Users\abuba\OneDrive\Desktop\GEN_AI\project\outputs\samples\synthetic_candidates\class_170\img10045_aug00.jpg,synthetic,foreground_preserving_background_swap,
synthetic_10120_0,10120,171,Nashville Warbler,class_171\img10120_aug00.jpg,C:\Users\abuba\OneDrive\Desktop\GEN_AI\project\outputs\samples\synthetic_candidates\class_171\img10120_aug00.jpg,synthetic,foreground_preserving_background_swap,
synthetic_10087_0,10087,171,Nashville Warbler,class_171\img10087_aug00.jpg,C:\Users\abuba\OneDrive\Desktop\GEN_AI\project\outputs\samples\synthetic_candidates\class_171\img10087_aug00.jpg,synthetic,foreground_preserving_background_swap,
synthetic_10144_0,10144,172,Orange crowned Warbler,class_172\img10144_aug00.jpg,C:\Users\abuba\OneDrive\Desktop\GEN_AI\project\outputs\samples\synthetic_candidates\class_172\img10144_aug00.jpg,synthetic,foreground_preserving_background_swap,
synthetic_10148_0,10148,172,Orange crowned Warbler,class_172\img10148_aug00.jpg,C:\Users\abuba\OneDrive\Desktop\GEN_AI\project\outputs\samples\synthetic_candidates\class_172\img10148_aug00.jpg,synthetic,foreground_preserving_background_swap,
synthetic_10212_0,10212,173,Palm Warbler,class_173\img10212_aug00.jpg,C:\Users\abuba\OneDrive\Desktop\GEN_AI\project\outputs\samples\synthetic_candidates\class_173\img10212_aug00.jpg,synthetic,foreground_preserving_background_swap,
synthetic_10214_0,10214,173,Palm Warbler,class_173\img10214_aug00.jpg,C:\Users\abuba\OneDrive\Desktop\GEN_AI\project\outputs\samples\synthetic_candidates\class_173\img10214_aug00.jpg,synthetic,foreground_preserving_background_swap,
synthetic_10283_0,10283,174,Pine Warbler,class_174\img10283_aug00.jpg,C:\Users\abuba\OneDrive\Desktop\GEN_AI\project\outputs\samples\synthetic_candidates\class_174\img10283_aug00.jpg,synthetic,foreground_preserving_background_swap,
synthetic_10248_0,10248,174,Pine Warbler,class_174\img10248_aug00.jpg,C:\Users\abuba\OneDrive\Desktop\GEN_AI\project\outputs\samples\synthetic_candidates\class_174\img10248_aug00.jpg,synthetic,foreground_preserving_background_swap,
synthetic_10328_0,10328,175,Prairie Warbler,class_175\img10328_aug00.jpg,C:\Users\abuba\OneDrive\Desktop\GEN_AI\project\outputs\samples\synthetic_candidates\class_175\img10328_aug00.jpg,synthetic,foreground_preserving_background_swap,
synthetic_10309_0,10309,175,Prairie Warbler,class_175\img10309_aug00.jpg,C:\Users\abuba\OneDrive\Desktop\GEN_AI\project\outputs\samples\synthetic_candidates\class_175\img10309_aug00.jpg,synthetic,foreground_preserving_background_swap,
synthetic_10388_0,10388,176,Prothonotary Warbler,class_176\img10388_aug00.jpg,C:\Users\abuba\OneDrive\Desktop\GEN_AI\project\outputs\samples\synthetic_candidates\class_176\img10388_aug00.jpg,synthetic,foreground_preserving_background_swap,
synthetic_10372_0,10372,176,Prothonotary Warbler,class_176\img10372_aug00.jpg,C:\Users\abuba\OneDrive\Desktop\GEN_AI\project\outputs\samples\synthetic_candidates\class_176\img10372_aug00.jpg,synthetic,foreground_preserving_background_swap,
synthetic_10474_0,10474,177,Swainson Warbler,class_177\img10474_aug00.jpg,C:\Users\abuba\OneDrive\Desktop\GEN_AI\project\outputs\samples\synthetic_candidates\class_177\img10474_aug00.jpg,synthetic,foreground_preserving_background_swap,
synthetic_10430_0,10430,177,Swainson Warbler,class_177\img10430_aug00.jpg,C:\Users\abuba\OneDrive\Desktop\GEN_AI\project\outputs\samples\synthetic_candidates\class_177\img10430_aug00.jpg,synthetic,foreground_preserving_background_swap,
synthetic_10512_0,10512,178,Tennessee Warbler,class_178\img10512_aug00.jpg,C:\Users\abuba\OneDrive\Desktop\GEN_AI\project\outputs\samples\synthetic_candidates\class_178\img10512_aug00.jpg,synthetic,foreground_preserving_background_swap,
synthetic_10502_0,10502,178,Tennessee Warbler,class_178\img10502_aug00.jpg,C:\Users\abuba\OneDrive\Desktop\GEN_AI\project\outputs\samples\synthetic_candidates\class_178\img10502_aug00.jpg,synthetic,foreground_preserving_background_swap,
synthetic_10589_0,10589,179,Wilson Warbler,class_179\img10589_aug00.jpg,C:\Users\abuba\OneDrive\Desktop\GEN_AI\project\outputs\samples\synthetic_candidates\class_179\img10589_aug00.jpg,synthetic,foreground_preserving_background_swap,
synthetic_10598_0,10598,179,Wilson Warbler,class_179\img10598_aug00.jpg,C:\Users\abuba\OneDrive\Desktop\GEN_AI\project\outputs\samples\synthetic_candidates\class_179\img10598_aug00.jpg,synthetic,foreground_preserving_background_swap,
synthetic_10660_0,10660,180,Worm eating Warbler,class_180\img10660_aug00.jpg,C:\Users\abuba\OneDrive\Desktop\GEN_AI\project\outputs\samples\synthetic_candidates\class_180\img10660_aug00.jpg,synthetic,foreground_preserving_background_swap,
synthetic_10640_0,10640,180,Worm eating Warbler,class_180\img10640_aug00.jpg,C:\Users\abuba\OneDrive\Desktop\GEN_AI\project\outputs\samples\synthetic_candidates\class_180\img10640_aug00.jpg,synthetic,foreground_preserving_background_swap,
synthetic_10716_0,10716,181,Yellow Warbler,class_181\img10716_aug00.jpg,C:\Users\abuba\OneDrive\Desktop\GEN_AI\project\outputs\samples\synthetic_candidates\class_181\img10716_aug00.jpg,synthetic,foreground_preserving_background_swap,
synthetic_10694_0,10694,181,Yellow Warbler,class_181\img10694_aug00.jpg,C:\Users\abuba\OneDrive\Desktop\GEN_AI\project\outputs\samples\synthetic_candidates\class_181\img10694_aug00.jpg,synthetic,foreground_preserving_background_swap,
synthetic_10772_0,10772,182,Northern Waterthrush,class_182\img10772_aug00.jpg,C:\Users\abuba\OneDrive\Desktop\GEN_AI\project\outputs\samples\synthetic_candidates\class_182\img10772_aug00.jpg,synthetic,foreground_preserving_background_swap,
synthetic_10777_0,10777,182,Northern Waterthrush,class_182\img10777_aug00.jpg,C:\Users\abuba\OneDrive\Desktop\GEN_AI\project\outputs\samples\synthetic_candidates\class_182\img10777_aug00.jpg,synthetic,foreground_preserving_background_swap,
synthetic_10785_0,10785,183,Louisiana Waterthrush,class_183\img10785_aug00.jpg,C:\Users\abuba\OneDrive\Desktop\GEN_AI\project\outputs\samples\synthetic_candidates\class_183\img10785_aug00.jpg,synthetic,foreground_preserving_background_swap,
synthetic_10801_0,10801,183,Louisiana Waterthrush,class_183\img10801_aug00.jpg,C:\Users\abuba\OneDrive\Desktop\GEN_AI\project\outputs\samples\synthetic_candidates\class_183\img10801_aug00.jpg,synthetic,foreground_preserving_background_swap,
synthetic_10878_0,10878,184,Bohemian Waxwing,class_184\img10878_aug00.jpg,C:\Users\abuba\OneDrive\Desktop\GEN_AI\project\outputs\samples\synthetic_candidates\class_184\img10878_aug00.jpg,synthetic,foreground_preserving_background_swap,
synthetic_10890_0,10890,184,Bohemian Waxwing,class_184\img10890_aug00.jpg,C:\Users\abuba\OneDrive\Desktop\GEN_AI\project\outputs\samples\synthetic_candidates\class_184\img10890_aug00.jpg,synthetic,foreground_preserving_background_swap,
synthetic_10932_0,10932,185,Cedar Waxwing,class_185\img10932_aug00.jpg,C:\Users\abuba\OneDrive\Desktop\GEN_AI\project\outputs\samples\synthetic_candidates\class_185\img10932_aug00.jpg,synthetic,foreground_preserving_background_swap,
synthetic_10940_0,10940,185,Cedar Waxwing,class_185\img10940_aug00.jpg,C:\Users\abuba\OneDrive\Desktop\GEN_AI\project\outputs\samples\synthetic_candidates\class_185\img10940_aug00.jpg,synthetic,foreground_preserving_background_swap,
synthetic_10996_0,10996,186,American Three toed Woodpecker,class_186\img10996_aug00.jpg,C:\Users\abuba\OneDrive\Desktop\GEN_AI\project\outputs\samples\synthetic_candidates\class_186\img10996_aug00.jpg,synthetic,foreground_preserving_background_swap,
synthetic_11006_0,11006,186,American Three toed Woodpecker,class_186\img11006_aug00.jpg,C:\Users\abuba\OneDrive\Desktop\GEN_AI\project\outputs\samples\synthetic_candidates\class_186\img11006_aug00.jpg,synthetic,foreground_preserving_background_swap,
synthetic_11014_0,11014,187,Pileated Woodpecker,class_187\img11014_aug00.jpg,C:\Users\abuba\OneDrive\Desktop\GEN_AI\project\outputs\samples\synthetic_candidates\class_187\img11014_aug00.jpg,synthetic,foreground_preserving_background_swap,
synthetic_11060_0,11060,187,Pileated Woodpecker,class_187\img11060_aug00.jpg,C:\Users\abuba\OneDrive\Desktop\GEN_AI\project\outputs\samples\synthetic_candidates\class_187\img11060_aug00.jpg,synthetic,foreground_preserving_background_swap,
synthetic_11076_0,11076,188,Red bellied Woodpecker,class_188\img11076_aug00.jpg,C:\Users\abuba\OneDrive\Desktop\GEN_AI\project\outputs\samples\synthetic_candidates\class_188\img11076_aug00.jpg,synthetic,foreground_preserving_background_swap,
synthetic_11106_0,11106,188,Red bellied Woodpecker,class_188\img11106_aug00.jpg,C:\Users\abuba\OneDrive\Desktop\GEN_AI\project\outputs\samples\synthetic_candidates\class_188\img11106_aug00.jpg,synthetic,foreground_preserving_background_swap,
synthetic_11179_0,11179,189,Red cockaded Woodpecker,class_189\img11179_aug00.jpg,C:\Users\abuba\OneDrive\Desktop\GEN_AI\project\outputs\samples\synthetic_candidates\class_189\img11179_aug00.jpg,synthetic,foreground_preserving_background_swap,
synthetic_11149_0,11149,189,Red cockaded Woodpecker,class_189\img11149_aug00.jpg,C:\Users\abuba\OneDrive\Desktop\GEN_AI\project\outputs\samples\synthetic_candidates\class_189\img11149_aug00.jpg,synthetic,foreground_preserving_background_swap,
synthetic_11243_0,11243,190,Red headed Woodpecker,class_190\img11243_aug00.jpg,C:\Users\abuba\OneDrive\Desktop\GEN_AI\project\outputs\samples\synthetic_candidates\class_190\img11243_aug00.jpg,synthetic,foreground_preserving_background_swap,
synthetic_11220_0,11220,190,Red headed Woodpecker,class_190\img11220_aug00.jpg,C:\Users\abuba\OneDrive\Desktop\GEN_AI\project\outputs\samples\synthetic_candidates\class_190\img11220_aug00.jpg,synthetic,foreground_preserving_background_swap,
synthetic_11304_0,11304,191,Downy Woodpecker,class_191\img11304_aug00.jpg,C:\Users\abuba\OneDrive\Desktop\GEN_AI\project\outputs\samples\synthetic_candidates\class_191\img11304_aug00.jpg,synthetic,foreground_preserving_background_swap,
synthetic_11265_0,11265,191,Downy Woodpecker,class_191\img11265_aug00.jpg,C:\Users\abuba\OneDrive\Desktop\GEN_AI\project\outputs\samples\synthetic_candidates\class_191\img11265_aug00.jpg,synthetic,foreground_preserving_background_swap,
synthetic_11350_0,11350,192,Bewick Wren,class_192\img11350_aug00.jpg,C:\Users\abuba\OneDrive\Desktop\GEN_AI\project\outputs\samples\synthetic_candidates\class_192\img11350_aug00.jpg,synthetic,foreground_preserving_background_swap,
synthetic_11319_0,11319,192,Bewick Wren,class_192\img11319_aug00.jpg,C:\Users\abuba\OneDrive\Desktop\GEN_AI\project\outputs\samples\synthetic_candidates\class_192\img11319_aug00.jpg,synthetic,foreground_preserving_background_swap,
synthetic_11428_0,11428,193,Cactus Wren,class_193\img11428_aug00.jpg,C:\Users\abuba\OneDrive\Desktop\GEN_AI\project\outputs\samples\synthetic_candidates\class_193\img11428_aug00.jpg,synthetic,foreground_preserving_background_swap,
synthetic_11412_0,11412,193,Cactus Wren,class_193\img11412_aug00.jpg,C:\Users\abuba\OneDrive\Desktop\GEN_AI\project\outputs\samples\synthetic_candidates\class_193\img11412_aug00.jpg,synthetic,foreground_preserving_background_swap,
synthetic_11484_0,11484,194,Carolina Wren,class_194\img11484_aug00.jpg,C:\Users\abuba\OneDrive\Desktop\GEN_AI\project\outputs\samples\synthetic_candidates\class_194\img11484_aug00.jpg,synthetic,foreground_preserving_background_swap,
synthetic_11431_0,11431,194,Carolina Wren,class_194\img11431_aug00.jpg,C:\Users\abuba\OneDrive\Desktop\GEN_AI\project\outputs\samples\synthetic_candidates\class_194\img11431_aug00.jpg,synthetic,foreground_preserving_background_swap,
synthetic_11516_0,11516,195,House Wren,class_195\img11516_aug00.jpg,C:\Users\abuba\OneDrive\Desktop\GEN_AI\project\outputs\samples\synthetic_candidates\class_195\img11516_aug00.jpg,synthetic,foreground_preserving_background_swap,
synthetic_11540_0,11540,195,House Wren,class_195\img11540_aug00.jpg,C:\Users\abuba\OneDrive\Desktop\GEN_AI\project\outputs\samples\synthetic_candidates\class_195\img11540_aug00.jpg,synthetic,foreground_preserving_background_swap,
synthetic_11556_0,11556,196,Marsh Wren,class_196\img11556_aug00.jpg,C:\Users\abuba\OneDrive\Desktop\GEN_AI\project\outputs\samples\synthetic_candidates\class_196\img11556_aug00.jpg,synthetic,foreground_preserving_background_swap,
synthetic_11606_0,11606,196,Marsh Wren,class_196\img11606_aug00.jpg,C:\Users\abuba\OneDrive\Desktop\GEN_AI\project\outputs\samples\synthetic_candidates\class_196\img11606_aug00.jpg,synthetic,foreground_preserving_background_swap,
synthetic_11640_0,11640,197,Rock Wren,class_197\img11640_aug00.jpg,C:\Users\abuba\OneDrive\Desktop\GEN_AI\project\outputs\samples\synthetic_candidates\class_197\img11640_aug00.jpg,synthetic,foreground_preserving_background_swap,
synthetic_11655_0,11655,197,Rock Wren,class_197\img11655_aug00.jpg,C:\Users\abuba\OneDrive\Desktop\GEN_AI\project\outputs\samples\synthetic_candidates\class_197\img11655_aug00.jpg,synthetic,foreground_preserving_background_swap,
synthetic_11715_0,11715,198,Winter Wren,class_198\img11715_aug00.jpg,C:\Users\abuba\OneDrive\Desktop\GEN_AI\project\outputs\samples\synthetic_candidates\class_198\img11715_aug00.jpg,synthetic,foreground_preserving_background_swap,
synthetic_11708_0,11708,198,Winter Wren,class_198\img11708_aug00.jpg,C:\Users\abuba\OneDrive\Desktop\GEN_AI\project\outputs\samples\synthetic_candidates\class_198\img11708_aug00.jpg,synthetic,foreground_preserving_background_swap,
synthetic_11746_0,11746,199,Common Yellowthroat,class_199\img11746_aug00.jpg,C:\Users\abuba\OneDrive\Desktop\GEN_AI\project\outputs\samples\synthetic_candidates\class_199\img11746_aug00.jpg,synthetic,foreground_preserving_background_swap,
synthetic_11752_0,11752,199,Common Yellowthroat,class_199\img11752_aug00.jpg,C:\Users\abuba\OneDrive\Desktop\GEN_AI\project\outputs\samples\synthetic_candidates\class_199\img11752_aug00.jpg,synthetic,foreground_preserving_background_swap,
